2247483917_1,1665360748,2022-10-10,10.10天气预报,密院气象,https://mmbiz.qlogo.cn/mmbiz_jpg/ic56fiaeKmYMA2iaA6K6ACfOFuoIvDicia2TdQxFCiazAibeGpAwwzDr4B1ugWvsictfflBdZTodl3SQg7rtLpDdPkaQFQ/0?wx_fmt=jpeg,http://mp.weixin.qq.com/s?__biz=Mzg5MzYyODUzMw==&mid=2247483917&idx=1&sn=b52618451c7ea6ac84aeb467002e2f5b&chksm=c02abb17f75d3201042d77f9273eee549d83f3fcd4b63390e8475b23242249bf72f73295593b#rd
2247483915_1,1665190366,2022-10-08,10.8天气预报,密院气象,https://mmbiz.qlogo.cn/mmbiz_jpg/ic56fiaeKmYMA2iaA6K6ACfOFuoIvDicia2TdQxFCiazAibeGpAwwzDr4B1ugWvsictfflBdZTodl3SQg7rtLpDdPkaQFQ/0?wx_fmt=jpeg,http://mp.weixin.qq.com/s?__biz=Mzg5MzYyODUzMw==&mid=2247483915&idx=1&sn=49fbdf92f7e0a21523994e92b9baad02&chksm=c02abb11f75d3207c21d5d376d86d275f1fe65a7ce6c0a553d42e0b34db3bd3b699a5a38dfdc#rd
2247483913_1,1665105171,2022-10-07,10.7天气预报,密院气象,https://mmbiz.qlogo.cn/mmbiz_jpg/ic56fiaeKmYMA2iaA6K6ACfOFuoIvDicia2TdQxFCiazAibeGpAwwzDr4B1ugWvsictfflBdZTodl3SQg7rtLpDdPkaQFQ/0?wx_fmt=jpeg,http://mp.weixin.qq.com/s?__biz=Mzg5MzYyODUzMw==&mid=2247483913&idx=1&sn=3840898e73d22143ee21a1907ad81fc3&chksm=c02abb13f75d320595a55580e33c5e3322cf1d6ce21534f05a3255579b27fc415c32b270ecc4#rd
2648012811_1,1665062178,2022-10-06,2022觅源青志队秋季招新录取名单,JI觅源,https://mmbiz.qlogo.cn/mmbiz_jpg/5Y86fOG9o5QVshW1t0K6mg7xN3tsMl0lWib9XfVSdbJtr6Mibj9wE0ibSA17Ykt1MTRYtI09Hibf43wtgfRenf8cJQ/0?wx_fmt=jpeg,http://mp.weixin.qq.com/s?__biz=MzAwNTYxNzk3Mw==&mid=2648012811&idx=1&sn=b1fc565d665dce916208082b6ee0645b&chksm=83383851b44fb1476b8a5c34e5cd37819b1d9dc3964765d096897bcd1bc404b15fa615764d71#rd
2247483911_1,1665015670,2022-10-06,10.6天气预报,密院气象,https://mmbiz.qlogo.cn/mmbiz_jpg/ic56fiaeKmYMA2iaA6K6ACfOFuoIvDicia2TdQxFCiazAibeGpAwwzDr4B1ugWvsictfflBdZTodl3SQg7rtLpDdPkaQFQ/0?wx_fmt=jpeg,http://mp.weixin.qq.com/s?__biz=Mzg5MzYyODUzMw==&mid=2247483911&idx=1&sn=101e9f8b863ee44b0ae4b5c63b871dc5&chksm=c02abb1df75d320bb0aa831c993b33d21ba48d9eab9798458f35b4badb585e1cf8edda0078d6#rd
2247483909_1,1664929430,2022-10-05,10.5天气预报,密院气象,https://mmbiz.qlogo.cn/mmbiz_jpg/ic56fiaeKmYMA2iaA6K6ACfOFuoIvDicia2TdQxFCiazAibeGpAwwzDr4B1ugWvsictfflBdZTodl3SQg7rtLpDdPkaQFQ/0?wx_fmt=jpeg,http://mp.weixin.qq.com/s?__biz=Mzg5MzYyODUzMw==&mid=2247483909&idx=1&sn=d5fa0193cc0ff71896611756bd606910&chksm=c02abb1ff75d32094585830c32f8d51d19b5fe2b2caf009f55ac3d89f3d5166b5f5f01b2e6c6#rd
2651188330_1,1664883828,2022-10-04,繁星周 | 回顾虎皮卷卷卷的高光时刻,JIers,https://mmbiz.qlogo.cn/mmbiz_jpg/sZvUJ5A0zNEg3fLpc5BqkZdicdbpdJngj4aSHh7pblyDzbDj5XhicCA0UucYul8hvRTiajgveC5Gv1XZTafdcWZhw/0?wx_fmt=jpeg,http://mp.weixin.qq.com/s?__biz=MzA5MDMyMTc1MQ==&mid=2651188330&idx=1&sn=4d5953ec2832fcc082beffbb8fdc882a&chksm=8bfc2a52bc8ba344a77fa79b73d132f0ae70e7b021d2695e865e21cdef9114c1146504bb68c8#rd
2247483907_1,1664842831,2022-10-04,10.4天气预报,密院气象,https://mmbiz.qlogo.cn/mmbiz_jpg/ic56fiaeKmYMA2iaA6K6ACfOFuoIvDicia2TdQxFCiazAibeGpAwwzDr4B1ugWvsictfflBdZTodl3SQg7rtLpDdPkaQFQ/0?wx_fmt=jpeg,http://mp.weixin.qq.com/s?__biz=Mzg5MzYyODUzMw==&mid=2247483907&idx=1&sn=7b727347fc63a433eeb305d312367f74&chksm=c02abb19f75d320f8affd1418ab5bddb5bb99e1d6a8d00c92af9a970be9400f18252757cb8f0#rd
2247483905_1,1664758944,2022-10-03,10.3天气预报,密院气象,https://mmbiz.qlogo.cn/mmbiz_jpg/ic56fiaeKmYMA2iaA6K6ACfOFuoIvDicia2TdQxFCiazAibeGpAwwzDr4B1ugWvsictfflBdZTodl3SQg7rtLpDdPkaQFQ/0?wx_fmt=jpeg,http://mp.weixin.qq.com/s?__biz=Mzg5MzYyODUzMw==&mid=2247483905&idx=1&sn=f0d539bbb495e5084c5a658096cdb740&chksm=c02abb1bf75d320d8f1ad375d862f28b3f3f53fa59989c422eedb08c06610dfaa290ec315fdd#rd
2247492052_1,1664709526,2022-10-02,【助研】密西根学院邹桉老师课题组招募本科生科研助理,JIcareer,https://mmbiz.qlogo.cn/mmbiz_jpg/PB5L45ia5moQ2tQkXwQNLF8Wlwxeniaf1jwfHt7yBt9H4bweR1ESGYFDq68f834giavKV1ia5kyV7Odz798SDJGL7g/0?wx_fmt=jpeg,http://mp.weixin.qq.com/s?__biz=MzI5MTcwMDg2Mg==&mid=2247492052&idx=1&sn=b38d326efbde5c38a419bb9bde0dcdba&chksm=ec0e08c5db7981d3df009c9765dc82bdbedff34eab267a6b81e51906abdbc292ce859ec0a070#rd
2247486675_1,1664700906,2022-10-02,爱交大，爱运动 | 密院学子积极参与国庆缤纷体育周新生班级运动会,JI青团,https://mmbiz.qlogo.cn/mmbiz_png/QfDapvG9u4DFibbfLekZiaQTdHxQrDDm4RCmL0z06mpZWLJ1Eiak83U0lwyVwZ5yBfr0jZGNzD8SxZic7yhTzGdkYA/0?wx_fmt=png,http://mp.weixin.qq.com/s?__biz=MzUyMzMyNTY0OQ==&mid=2247486675&idx=1&sn=1043078ff517af341708bd11d22fc2d7&chksm=fa3f156dcd489c7b5458aff80a4df1be29c43e2f827b9ba074eaf77d32a67e7c226319aff2a6#rd
2247483903_1,1664670758,2022-10-02,10.2天气预报,密院气象,https://mmbiz.qlogo.cn/mmbiz_jpg/ic56fiaeKmYMA2iaA6K6ACfOFuoIvDicia2TdQxFCiazAibeGpAwwzDr4B1ugWvsictfflBdZTodl3SQg7rtLpDdPkaQFQ/0?wx_fmt=jpeg,http://mp.weixin.qq.com/s?__biz=Mzg5MzYyODUzMw==&mid=2247483903&idx=1&sn=68f6ebba1db0494e5e15e7586bc3d2a9&chksm=c02ab8e5f75d31f36c47fa3338db1cdd85685a7a79a5d5f496718349a504482c32a3e0a4c248#rd
2651188303_1,1664633179,2022-10-01,JISU九月生存报告,JIers,https://mmbiz.qlogo.cn/mmbiz_png/sZvUJ5A0zNER82ia49NVHkGCYpPMDjEagheYmh6PbVDxXUt3hthicR7l2xYzp1NGEku7ib13jv6ibFQiabcmJgXB9Qg/0?wx_fmt=png,http://mp.weixin.qq.com/s?__biz=MzA5MDMyMTc1MQ==&mid=2651188303&idx=1&sn=de26546f026a861cf918d00b6078d1c7&chksm=8bfc2a77bc8ba361efc92f65af83fda2570d71c274441a319aa69e500e3dc04eabb19c2d6832#rd
2247486660_1,1664609256,2022-10-01,共青团上海交通大学密西根学院委员会祝贺中华人民共和国成立73周年！,JI青团,https://mmbiz.qlogo.cn/mmbiz_png/QfDapvG9u4A1uwexnlRicGjc8PgguzibzGjR1Hu5ceucl9OxKAXwer5IwBXRK9QJsRibf0Ozibr8XI5OEo03S2E0Lg/0?wx_fmt=png,http://mp.weixin.qq.com/s?__biz=MzUyMzMyNTY0OQ==&mid=2247486660&idx=1&sn=bcd82455d0bd54258d5e4f344902e6a5&chksm=fa3f157acd489c6cd5339fe4fda6d45d08783f5fac036a41db30d60f15055259b781ef7e711b#rd
2651188302_1,1664597738,2022-10-01,转载 | 人民日报国庆社论：坚定不移推进中华民族伟大复兴历史进程,JIers,https://mmbiz.qlogo.cn/mmbiz_jpg/sZvUJ5A0zNGGkp8ibqvJt3G3xFYibN6G4HibGONv9L4gbOopLR2OCW1snsjDicFW5P0ibUVe60BPEXoRDiaUltYM3c6Q/0?wx_fmt=jpeg,http://mp.weixin.qq.com/s?__biz=MzA5MDMyMTc1MQ==&mid=2651188302&idx=1&sn=104274e00779bb5e099b37f53c53e1f0&chksm=8bfc2a76bc8ba3602f8be33c83143373a3a044ba9f07c44454418d7d29161dfc9e6b63724445#rd
2247483901_1,1664585598,2022-10-01,10.1天气预报,密院气象,https://mmbiz.qlogo.cn/mmbiz_jpg/ic56fiaeKmYMA2iaA6K6ACfOFuoIvDicia2TdQxFCiazAibeGpAwwzDr4B1ugWvsictfflBdZTodl3SQg7rtLpDdPkaQFQ/0?wx_fmt=jpeg,http://mp.weixin.qq.com/s?__biz=Mzg5MzYyODUzMw==&mid=2247483901&idx=1&sn=06fea2f9a91bae1e7120aed4ecaa5f5e&chksm=c02ab8e7f75d31f1cc9677d6750d221a2e3f287e3e0a6fb07c937254c6dce16688e61fcef7ac#rd
2247483899_1,1664496412,2022-09-30,9.30天气预报,密院气象,https://mmbiz.qlogo.cn/mmbiz_jpg/ic56fiaeKmYMA2iaA6K6ACfOFuoIvDicia2TdQxFCiazAibeGpAwwzDr4B1ugWvsictfflBdZTodl3SQg7rtLpDdPkaQFQ/0?wx_fmt=jpeg,http://mp.weixin.qq.com/s?__biz=Mzg5MzYyODUzMw==&mid=2247483899&idx=1&sn=46a935f76de9c0822c9780ad84024397&chksm=c02ab8e1f75d31f73008b510ef593e758b19b61bc2f8fb719e8470b3e87b09da23fdb7a0eb5e#rd
legacy_1664415168,1664415168,2022-09-29,9.29天气预报,密院气象,https://mmbiz.qlogo.cn/mmbiz_jpg/ic56fiaeKmYMA2iaA6K6ACfOFuoIvDicia2TdQxFCiazAibeGpAwwzDr4B1ugWvsictfflBdZTodl3SQg7rtLpDdPkaQFQ/0?wx_fmt=jpeg,http://mp.weixin.qq.com/s?__biz=Mzg5MzYyODUzMw==&mid=2247483897&idx=1&sn=7cf7748e8544036a6c45c45bea78ce3f&chksm=c02ab8e3f75d31f58051f087b7182e5e9c54e3e4d733fa5a63c411d8947ad558a5a8367f592f#rd
2648012800_1,1664106080,2022-09-25,展望 | 2022 收获与小班们的“独家记忆”,JI觅源,https://mmbiz.qlogo.cn/mmbiz_jpg/5Y86fOG9o5QW1lYxzvK0ZQqasMIyM04fOZLQmM46PibION9jEcnkrMEJVrS2d1CUJ4PzY3Deiaic6FSxPmCHo3UGw/0?wx_fmt=jpeg,http://mp.weixin.qq.com/s?__biz=MzAwNTYxNzk3Mw==&mid=2648012800&idx=1&sn=cd2fbf606c36d33d0c8daec6944d245b&chksm=8338385ab44fb14ce6ea4414aaa8c7170725ce7f66363b643b5cad3b7ae0cb53c90ba64c72dc#rd
2651188236_1,1664030055,2022-09-24,回顾 | 密院学生组织宣讲——干货收好！,JIers,https://mmbiz.qlogo.cn/mmbiz_jpg/sZvUJ5A0zNFr2rxoDx7ENl07cK1Mc9oxVHswE6nQ02IEL9tJ0ib4buSLJIr54ZJ84lnAwozDz5TtFqvTD5NAEfQ/0?wx_fmt=jpeg,http://mp.weixin.qq.com/s?__biz=MzA5MDMyMTc1MQ==&mid=2651188236&idx=1&sn=05fa9f710da02fe6cc56d90777662ac6&chksm=8bfc2a34bc8ba3220506a334ae90d34a80bf01eb63beaa535e9f455d5dd3172a24baf0dedd41#rd
2648012635_1,1663558709,2022-09-19,调查|新生“小班”满意度调查,JI觅源,https://mmbiz.qlogo.cn/mmbiz_jpg/5Y86fOG9o5Sfz4YLJNWUZJBlF6aIVduzTXZHjGj8COF5oAgjB5WLO3puNGnarjLn3FDwjlticG4DiclPvUgR8c4Q/0?wx_fmt=jpeg,http://mp.weixin.qq.com/s?__biz=MzAwNTYxNzk3Mw==&mid=2648012635&idx=1&sn=8d26663dd051a389f54f7170dc59648f&chksm=83383701b44fbe17dba29e107c10b7bd5daa70ac5c747648a66983e34b14c1e98a467e11da00#rd
2648012630_1,1663477767,2022-09-18,【实践传真】“云端结伴，共同成长”——“爱心云托班”成果回访调研,JI觅源,https://mmbiz.qlogo.cn/mmbiz_jpg/5Y86fOG9o5Sfz4YLJNWUZJBlF6aIVduzeibBkTrIPTNU4Ywo9AbPOia65NMcJgrrQ8yvSH8nXPCAk9ich3AOwrY3w/0?wx_fmt=jpeg,http://mp.weixin.qq.com/s?__biz=MzAwNTYxNzk3Mw==&mid=2648012630&idx=1&sn=02897a10491f8e4133737638eeb65873&chksm=8338370cb44fbe1af7dc2249bb115fd2023dbe1486c13c477cb38c06753373957741eca33aa0#rd
2651188216_1,1663461223,2022-09-18,上海交通大学密西根学院学生组织宣讲会——你想知道的都在这里！,JIers,https://mmbiz.qlogo.cn/mmbiz_jpg/sZvUJ5A0zNGzn4K8hRVibT5pzJRVq9MQPvpWhLiaVOBRkNwf1wPZVH3187HFcKgXnTRT4xTQetRT41JVHaC1V24Q/0?wx_fmt=jpeg,http://mp.weixin.qq.com/s?__biz=MzA5MDMyMTc1MQ==&mid=2651188216&idx=1&sn=ef8439d45143a798c20624df968e19a2&chksm=8bfc2dc0bc8ba4d698e127eec049e0a79363ae893bc41817881b6fbf4236ed1daae281c6b5be#rd
2648012576_1,1663414193,2022-09-17,招募|欢迎加入觅源青志队~,JI觅源,https://mmbiz.qlogo.cn/mmbiz_jpg/5Y86fOG9o5RM4Y1hkjMiagD0S6GVPSeHyrlfAS9ho4kIiaTxiaBerV7B3stl7A7WIrlXuC5E24uHzGbp39UGs4XDw/0?wx_fmt=jpeg,http://mp.weixin.qq.com/s?__biz=MzAwNTYxNzk3Mw==&mid=2648012576&idx=1&sn=1d7eae95e0a920d2e9d4084cba5f546d&chksm=8338377ab44fbe6cf1ce4fd08112afc120119d36b3c5323938e5d0641e95f7b98395e3a80c16#rd
2247492046_1,1663329226,2022-09-16,【招聘】徐州徐工矿业机械有限公司校园招聘启动！,JIcareer,https://mmbiz.qlogo.cn/mmbiz_jpg/PB5L45ia5moQfWKGia65VxT8lFk8C4a6Oahcs2Io4vtwkgFyU3gja20ldKSpvZmXv2NfNuHwIVo81icCFGk4dcCog/0?wx_fmt=jpeg,http://mp.weixin.qq.com/s?__biz=MzI5MTcwMDg2Mg==&mid=2247492046&idx=1&sn=91b650bf18ab87aacf5504ed46bc8f07&chksm=ec0e08dfdb7981c998925c2fc900ce20c1cf33aa57737860438cc4967891c7437be147b9385f#rd
2648012564_1,1663226856,2022-09-15,觅源青志队组织介绍,JI觅源,https://mmbiz.qlogo.cn/mmbiz_jpg/5Y86fOG9o5Q9ufg3LWPbWefpqwTYOhIu80HkAibduuNYuRLmXDtBU0ibbmeaDXDzXNYjNfCsIzdQBfVhHRAicEUgw/0?wx_fmt=jpeg,http://mp.weixin.qq.com/s?__biz=MzAwNTYxNzk3Mw==&mid=2648012564&idx=1&sn=4f8a32a23dd39f23722cc95a29a3a1f9&chksm=8338374eb44fbe587c03d6991b1c077b36d8f36ab196e13f9ee06b3f5a29562631e18de887b4#rd
2651188199_1,1663115120,2022-09-14,UM-SJTU JI Student Union Recruitment for International Student,JIers,https://mmbiz.qlogo.cn/mmbiz_png/sZvUJ5A0zNGHjibO6pOvo1q2NsfLDA4ic3WqOpCK3WJNic3Oj4k3pD4vng1pNxP7JeNq6wWZ1KobicgGAE3mtt9S5g/0?wx_fmt=png,http://mp.weixin.qq.com/s?__biz=MzA5MDMyMTc1MQ==&mid=2651188199&idx=1&sn=902937fc76ded51e9179aadda7947cf3&chksm=8bfc2ddfbc8ba4c99b4e385137a29cd0173f5f3f1b0bc573dd5b6486086c5e33bbc34fa9418f#rd
2651188199_2,1663115120,2022-09-14,Art Department | Art Saves Engineers,JIers,https://mmbiz.qlogo.cn/mmbiz_jpg/sZvUJ5A0zNGHjibO6pOvo1q2NsfLDA4ic3GOJwyNFDic3dAHPTd3RLBHOuWCliaCLCMg4iczialTYC1Z5nHhPgIxtp5A/0?wx_fmt=jpeg,http://mp.weixin.qq.com/s?__biz=MzA5MDMyMTc1MQ==&mid=2651188199&idx=2&sn=46b128dcda68d2b1681ce3a11c0d2439&chksm=8bfc2ddfbc8ba4c9c7bc63c9d6f49b1232fdaf74e47e243b262e68b259da6f2494842277ebb4#rd
2651188199_3,1663115120,2022-09-14,Career Department | Career and Horizon,JIers,https://mmbiz.qlogo.cn/mmbiz_jpg/sZvUJ5A0zNGHjibO6pOvo1q2NsfLDA4ic36icovRtHw8nyEHlC1oPezT1rDaLEnKnORkicYaPiciaXm6hgYLu3urfWtg/0?wx_fmt=jpeg,http://mp.weixin.qq.com/s?__biz=MzA5MDMyMTc1MQ==&mid=2651188199&idx=3&sn=5a67ddd78b4b6dbbf7096887c395f2f9&chksm=8bfc2ddfbc8ba4c957c0225ada84124fe02ec26cfd0e33bdcfed933d81704d45d0735456cff5#rd
2651188199_4,1663115120,2022-09-14,Media Department | The best choice for media lovers,JIers,https://mmbiz.qlogo.cn/mmbiz_jpg/sZvUJ5A0zNGHjibO6pOvo1q2NsfLDA4ic3sjDdKhusnbXzhXfLMRp8sqFicFAc2Jx7h6icWvHV25jjicbibplib0lrUqg/0?wx_fmt=jpeg,http://mp.weixin.qq.com/s?__biz=MzA5MDMyMTc1MQ==&mid=2651188199&idx=4&sn=9d73c64a043952e4c8f5591b9ab03773&chksm=8bfc2ddfbc8ba4c9c2982b5f42bc2be96b0b1f19756a92acf7328e64bcb5427f237b4e59f386#rd
2651188199_5,1663115120,2022-09-14,Inner Liaison Department | Recruitment: International Students,JIers,https://mmbiz.qlogo.cn/mmbiz_jpg/sZvUJ5A0zNGdefKjkhz5UC9lj3JUHsuMkVqC27C6W5HTksWJQdnvEsPVjPzPiaScDaTHnSOZTbEbicVGhR0BW0bA/0?wx_fmt=jpeg,http://mp.weixin.qq.com/s?__biz=MzA5MDMyMTc1MQ==&mid=2651188199&idx=5&sn=ca0c310ba77cae91c16c46ba8d62f68a&chksm=8bfc2ddfbc8ba4c98cefc6670afb66e93eb3f21499ab1b5201757b438d2dac7899c2bd69fe8a#rd
2651188199_6,1663115120,2022-09-14,Outer Liaison Department丨Welcome!,JIers,https://mmbiz.qlogo.cn/mmbiz_jpg/sZvUJ5A0zNGHjibO6pOvo1q2NsfLDA4ic3ic0n9icuIFXHB18TtTzL0JODEEQLyvr689GEibYPW9ouCCDo2OMsugb4g/0?wx_fmt=jpeg,http://mp.weixin.qq.com/s?__biz=MzA5MDMyMTc1MQ==&mid=2651188199&idx=6&sn=f5602cfd078dc022af91158422e64a5e&chksm=8bfc2ddfbc8ba4c92427b30b7ce994f27980ddf054a5adda91a371ba81fbb7ebc558c46d67ad#rd
2651188199_7,1663115120,2022-09-14,Sport and Club Department | Wave your passion and let dreams fly,JIers,https://mmbiz.qlogo.cn/mmbiz_jpg/sZvUJ5A0zNGHjibO6pOvo1q2NsfLDA4ic3zWkPR0NicicwicYS8nGwW3Zo0z2ecpsAmbctouPqQFZvkhSuRiaEwWNMGg/0?wx_fmt=jpeg,http://mp.weixin.qq.com/s?__biz=MzA5MDMyMTc1MQ==&mid=2651188199&idx=7&sn=07d3e313ab85771930e62f1e67e5577a&chksm=8bfc2ddfbc8ba4c980e7a9dcf74a7b3ece24d8c0514a5d533d624070a126a8061624ee8a7eb1#rd
2651188199_8,1663115120,2022-09-14,Technical Department | TechJI makes your life easier,JIers,https://mmbiz.qlogo.cn/mmbiz_jpg/sZvUJ5A0zNGHjibO6pOvo1q2NsfLDA4ic3nU90eKPcDQPTayIMN0ibLGavdQyuyIUQu6xV5saaaH3iaTQicKfkpqoMw/0?wx_fmt=jpeg,http://mp.weixin.qq.com/s?__biz=MzA5MDMyMTc1MQ==&mid=2651188199&idx=8&sn=2f030c6393d0756832abfa0fd7b5ef1e&chksm=8bfc2ddfbc8ba4c930fc9307760123824fcc61f82405eb280d44d93258307708009766355caf#rd
2247488544_1,1663035658,2022-09-13,JI workshop | SolidWorks 入门（一）,密院科协,https://mmbiz.qlogo.cn/mmbiz_jpg/jcRlSfwIXWlP0vlFic2Z5EuflEaO5ooBeN2DmDXKykJNNvdTBM4iadPLwUKbib10NYxhm51o8SLe6vAYqDZbyGFYg/0?wx_fmt=jpeg,http://mp.weixin.qq.com/s?__biz=MzIyMDA2ODgyNA==&mid=2247488544&idx=1&sn=fd1cbe1a3e067f024e2fa961f83849a0&chksm=97d0fa97a0a7738138990ceff1b88d3118f16ea76aff96ac08630ffa09d0e643ef1403e5f165#rd
2247488524_1,1662883215,2022-09-11,密院科协秋季志愿者招募,密院科协,https://mmbiz.qlogo.cn/mmbiz_jpg/jcRlSfwIXWmOpkpJicr5gPljO7cF5Bm40DpX2xyTpQ6f5xHWQ8y57gDplwlRjBe12OhVktcU8FTfwyhcRpbFYBg/0?wx_fmt=jpeg,http://mp.weixin.qq.com/s?__biz=MzIyMDA2ODgyNA==&mid=2247488524&idx=1&sn=33e52ecf13886c1f746eeb985dcb67c5&chksm=97d0fabba0a773ad7ca8d7d96e17ac2c8a2f7e0c957fad67a83cbe817b0a64f933489de7ed60#rd
2247486654_1,1662808713,2022-09-10,感念师恩｜蜡炬燃芳华，桃李送恩情,JI青团,https://mmbiz.qlogo.cn/mmbiz_jpg/QfDapvG9u4CnRQ0qERMvP4KFBtyTx4WKtLUo1iapibtsUHVCHeddQHZXs9yHuShKBib68WJrFSiblUYKPpEz63ODaA/0?wx_fmt=jpeg,http://mp.weixin.qq.com/s?__biz=MzUyMzMyNTY0OQ==&mid=2247486654&idx=1&sn=1f84b2a75ea1b3a86430ed7fa89f2abf&chksm=fa3f1500cd489c1616357bfd3a29855a7ca607602ab8f2c3b3abee9d87256ef0b50d29f569c2#rd
2247486620_1,1662711758,2022-09-09,滴~您有一份网上冲浪指南！,JI青团,https://mmbiz.qlogo.cn/mmbiz_jpg/QfDapvG9u4AkXM18B9dTE1NqZ5vEmBLT2olGutTpgQtnaFjp2xovhtFichQwbe8BE9I4CGVSI4FKBnEG2BWics1Q/0?wx_fmt=jpeg,http://mp.weixin.qq.com/s?__biz=MzUyMzMyNTY0OQ==&mid=2247486620&idx=1&sn=a66c4432ae36302bce8bb3c6377a1a87&chksm=fa3f1522cd489c34501ce8e767225586543c79303d1b347079ee18cf6cea4adc87f09e202fbf#rd
2247486602_1,1662558257,2022-09-07,感谢师恩 | 教师节来临，为你的老师送上祝福吧,JI青团,https://mmbiz.qlogo.cn/mmbiz_jpg/QfDapvG9u4AEDQho0NpGU6ypLbkCIpAYzsELvju0CyibxAwGQfMs6Yl5nWaeiaHOMdRFkRXv9rtmphFOlWVhBcag/0?wx_fmt=jpeg,http://mp.weixin.qq.com/s?__biz=MzUyMzMyNTY0OQ==&mid=2247486602&idx=1&sn=6ab18b29721155c317534de719835bfc&chksm=fa3f1534cd489c22323540b273f369979926ce8646c74311426de472441e1cf10b1f2fd8fbc5#rd
2247486602_2,1662558257,2022-09-07,实践 | 密西根学院“云托班成果回访”实践团风采展示（三）,JI青团,https://mmbiz.qlogo.cn/mmbiz_png/QfDapvG9u4AEDQho0NpGU6ypLbkCIpAYiaiaRX72KWUzibv4rkAnTWBMEyibfBbZLeAzcvNWHuOzt4vNzX9toicLSvw/0?wx_fmt=png,http://mp.weixin.qq.com/s?__biz=MzUyMzMyNTY0OQ==&mid=2247486602&idx=2&sn=afeff5991d683fea4044a3b79eb80f3a&chksm=fa3f1534cd489c22b92fe78148181f78fbff79a3b7afcd6c37010dfd722a44a72b72007c67fd#rd
2247484519_1,1662187715,2022-09-03,TA Workshop 2022 Fall - 新生课程助教分享会,JIAdvisingCenter,https://mmbiz.qlogo.cn/sz_mmbiz_jpg/vibN6sMP6fMiawZ23XxQ9NgYCticMVGfsCR0g29VjCjc3dhZIE2micFPdBGYYn9MUGVDuAcpl35GwTxfjcwOjg6ZyQ/0?wx_fmt=jpeg,http://mp.weixin.qq.com/s?__biz=MzU1Mzk2MDE0Ng==&mid=2247484519&idx=1&sn=96613ab23b5198bf932de7a9baad68a6&chksm=fbeb93dacc9c1acc75204f76d8fabe57d24213e677f1049639396f1d76ebddf9b243985a500b#rd
2247492039_1,1661394159,2022-08-25,【本科助研】 密西根学院郭鑫斐教授课题组招募本科科研助理,JIcareer,https://mmbiz.qlogo.cn/mmbiz_jpg/PB5L45ia5moTY0I4tTmGf3P1fiabPYGceiaIveTibCibWnHx0M0soia9pxUfMv4b3QtDDnKgkAD6GMRP2RS1KAG7BURQ/0?wx_fmt=jpeg,http://mp.weixin.qq.com/s?__biz=MzI5MTcwMDg2Mg==&mid=2247492039&idx=1&sn=04987b12d5e6c0d54ab177b4be4b4d20&chksm=ec0e08d6db7981c0485315010964b289bbdcddfc285bbacc84e078823798cb90b79a6c177378#rd
2247491881_1,1660988544,2022-08-20,【招聘】云鲸23届校招全面启动 | 你的热爱，由你创造,JIcareer,https://mmbiz.qlogo.cn/mmbiz_jpg/PB5L45ia5moSicmBg3xLVGZfAtB4OP14UhY443zKyoE2RHytguR0dYzyIpzaPNCh4m5vh5StKUNrYPMMbUpcSHnA/0?wx_fmt=jpeg,http://mp.weixin.qq.com/s?__biz=MzI5MTcwMDg2Mg==&mid=2247491881&idx=1&sn=957d2b00cfa852d2a7ba9ed38c2f6ea8&chksm=ec0e0838db79812e9170345d9c25c9f6ee9fb42c6cbf10eac173541abdb73f196a00ab8073c4#rd
2247484515_1,1660231687,2022-08-11,回顾 | GDP Workshop,JIAdvisingCenter,https://mmbiz.qlogo.cn/sz_mmbiz_jpg/vibN6sMP6fMjNibAPXib3sDTPP7V9hVIJp5sN755tMO5AXXN8teLicDQddhTMXl9VSp59clJZk7ZiaHTLB8SUUHjeiaA/0?wx_fmt=jpeg,http://mp.weixin.qq.com/s?__biz=MzU1Mzk2MDE0Ng==&mid=2247484515&idx=1&sn=12b992f9babf5b03720d70d3b140400b&chksm=fbeb93decc9c1ac83a040d465ff7516feef9f8b646fd9e12fb7677b3fe9b22b23ab41dc06285#rd
2247488471_1,1659777161,2022-08-06,换届通知 | 第十四届密院科协主席团、部长团名单公布,密院科协,https://mmbiz.qlogo.cn/mmbiz_jpg/jcRlSfwIXWmh5HOTickKK0cozDhDB90iahES3Y8iaEmQQJhuuiaHaHA4SnDicCXKFbR54EOnj9ErdrM7YGMqTsGxuZw/0?wx_fmt=jpeg,http://mp.weixin.qq.com/s?__biz=MzIyMDA2ODgyNA==&mid=2247488471&idx=1&sn=c8efe9c3ae2168acaa1e929109b7ab91&chksm=97d0fd60a0a7747622f96465de8c58e8e666588541c44f4b6c31844454ffac371deebeb5fbe7#rd
2247491869_1,1659441474,2022-08-02,【招聘】国泰君安证券招聘固定收益外汇商品部产品经理,JIcareer,https://mmbiz.qlogo.cn/mmbiz_jpg/PB5L45ia5moRGviaaRkBqw1CzQjoxGhptdV60mrObzxT8HZKfr0sk4aOWiazAt7PSG51v5ySOkficFiaOjOIicTjyd0A/0?wx_fmt=jpeg,http://mp.weixin.qq.com/s?__biz=MzI5MTcwMDg2Mg==&mid=2247491869&idx=1&sn=bb6d8a211a773cadd9733ea6e2b94217&chksm=ec0e080cdb79811aca41e60a375c87e172dfa65989fcdc0c7e49c0bb7cf577ce6de54c19fc4b#rd
2247484504_1,1658486211,2022-07-22,研究生申请&生涯发展经验分享会 (3) 回顾,JIAdvisingCenter,https://mmbiz.qlogo.cn/sz_mmbiz_jpg/vibN6sMP6fMjEE0Pqdtlxbs4T2CPW4gng0hEWwm3uW8EFMspum1HWmyegoRghNZVFLdwEXrk3Ds8K67ZnC96NnA/0?wx_fmt=jpeg,http://mp.weixin.qq.com/s?__biz=MzU1Mzk2MDE0Ng==&mid=2247484504&idx=1&sn=b42757854ac71e281f7a4e7cbaf74205&chksm=fbeb93e5cc9c1af3665166eaeebcbaa5518a2c5d48c48d2ebab92a70805e5ab96262b59b5ce9#rd
2247488465_1,1658456255,2022-07-22,赛事相关 | 2022年度第二届“杉数杯”数学建模精英联赛等你报名！,密院科协,https://mmbiz.qlogo.cn/mmbiz_jpg/jcRlSfwIXWnlgO9xfVKlPxLehbzJQibMDTjaInZMH9MpKIhpbfHjBOTCOA4pVKrjDRcLbDTFq6I6XRZAzQicJrkA/0?wx_fmt=jpeg,http://mp.weixin.qq.com/s?__biz=MzIyMDA2ODgyNA==&mid=2247488465&idx=1&sn=b4f12c6767db214ea00acf2c2a89e7bb&chksm=97d0fd66a0a774703d93ad7b862838388aa44280614f6cce672911d3e198b64b24636cdd53da#rd
2247488465_2,1658456255,2022-07-22,赛事相关 | 上海交通大学关于2022年全国大学生数学建模竞赛报名参赛通知,密院科协,https://mmbiz.qlogo.cn/mmbiz_jpg/jcRlSfwIXWkAjf3mUF5N1UhCOFX124rcPjO7q7cPia5z92D1ST1EDK8hW930ZQnjKV8gMjUiaX9D4icQSF11OBDwQ/0?wx_fmt=jpeg,http://mp.weixin.qq.com/s?__biz=MzIyMDA2ODgyNA==&mid=2247488465&idx=2&sn=61e45be16fd309f2d2b1db8ec400054e&chksm=97d0fd66a0a77470f74ce75783aec73f810e95dfebddb82b190dc1db598c0ba4eb7b9c448ab7#rd
2247484498_1,1656905677,2022-07-04,2022SU GDP Workshop,JIAdvisingCenter,https://mmbiz.qlogo.cn/sz_mmbiz_jpg/vibN6sMP6fMhCHtJwbI1epHfQUIZwh3icVoZExzCsSZCzAlVex4fhVIbuvaJyJFmYYd45JJuWseovhocOWaKBosw/0?wx_fmt=jpeg,http://mp.weixin.qq.com/s?__biz=MzU1Mzk2MDE0Ng==&mid=2247484498&idx=1&sn=982a3f8946095ccefc3be4d4cc16fc50&chksm=fbeb93efcc9c1af9b5970f7a8354a4f211fe872a96581d71a8f70255476fe8ccc37ce104ecd6#rd
legacy_1656377807,1656377807,2022-06-28,6.28天气预报,密院气象,https://mmbiz.qlogo.cn/mmbiz_jpg/ic56fiaeKmYMA2iaA6K6ACfOFuoIvDicia2TdQxFCiazAibeGpAwwzDr4B1ugWvsictfflBdZTodl3SQg7rtLpDdPkaQFQ/0?wx_fmt=jpeg,http://mp.weixin.qq.com/s?__biz=Mzg5MzYyODUzMw==&mid=2247483761&idx=1&sn=18ee54a6776700870b55c018a4cfc428&chksm=c02ab86bf75d317dee4df488e2fecedcfd4a088d4d6557fa7667b93f770b646e62a3f1f36af3#rd
legacy_1656341354,1656341354,2022-06-27,上周错过咖啡的快乐，这次奶茶给你补上！大学习放暑假啦~,JI青团,https://mmbiz.qlogo.cn/mmbiz_jpg/QfDapvG9u4Da27cicUSFryFebTa1N8icqniaaEhQHfiadicv6nFWDiclvForrDw68ccu8ewAO5bdR5nBRGPicrWicEdo0Q/0?wx_fmt=jpeg,http://mp.weixin.qq.com/s?__biz=MzUyMzMyNTY0OQ==&mid=2247486438&idx=1&sn=2abf9efb94fbc91153cb4d95c3fa7f87&chksm=fa3f1258cd489b4e238b7409850dd6a4c8e8a92f6bd0cae92aa0f894e3ee519915d948ccfdb0#rd
2247484489_1,1656330921,2022-06-27,服务月 | F.B.S. x Advising Center·请查收JIer的抗emo干货宝典,JIAdvisingCenter,https://mmbiz.qlogo.cn/sz_mmbiz_jpg/vibN6sMP6fMjmDvpmnp9R25ia5CjaKibPy2HV43sVor0GYwrlicbyc10JDjLnIzyQ1GKHF891LGEzVKCFuAeviapuxg/0?wx_fmt=jpeg,http://mp.weixin.qq.com/s?__biz=MzU1Mzk2MDE0Ng==&mid=2247484489&idx=1&sn=c1b067bdeaf8c928cfceb49e3a992110&chksm=fbeb93f4cc9c1ae2ea89d0a4a36ffa86a80339489601292f10683a02fe1ea881950a7e8c4537#rd
legacy_1656291679,1656291679,2022-06-27,6.27天气预报,密院气象,https://mmbiz.qlogo.cn/mmbiz_jpg/ic56fiaeKmYMA2iaA6K6ACfOFuoIvDicia2TdQxFCiazAibeGpAwwzDr4B1ugWvsictfflBdZTodl3SQg7rtLpDdPkaQFQ/0?wx_fmt=jpeg,http://mp.weixin.qq.com/s?__biz=Mzg5MzYyODUzMw==&mid=2247483759&idx=1&sn=59c119cfd995903f26bebeeaf6afec09&chksm=c02ab875f75d3163d10f373df7948ca9272083b005f63f283734a7f8c7cb612c55491c8ded6c#rd
legacy_1656234516,1656234516,2022-06-26,服务月 | 你有3条来自professors的未读信息~,JIers,https://mmbiz.qlogo.cn/mmbiz_jpg/sZvUJ5A0zNEBf8wgIofDAb1zVgncv1USjzbG9Ro4IC6bxxFFvnrhGNYm9fvwbibwKpXntMTT8NZ92iameJF80McA/0?wx_fmt=jpeg,http://mp.weixin.qq.com/s?__biz=MzA5MDMyMTc1MQ==&mid=2651186001&idx=1&sn=a14f45ec76060c9fa10a70e82b17e2d2&chksm=8bfc2569bc8bac7f8bde190472b37f14bc75d8ffd4686a19c2797fa74a9d75b628b6a8865fa0#rd
legacy_1656209902,1656209902,2022-06-26,6.26天气预报,密院气象,https://mmbiz.qlogo.cn/mmbiz_jpg/ic56fiaeKmYMA2iaA6K6ACfOFuoIvDicia2TdQxFCiazAibeGpAwwzDr4B1ugWvsictfflBdZTodl3SQg7rtLpDdPkaQFQ/0?wx_fmt=jpeg,http://mp.weixin.qq.com/s?__biz=Mzg5MzYyODUzMw==&mid=2247483757&idx=1&sn=45664e41f99e08be3d5fc32b52520a1b&chksm=c02ab877f75d3161c6645d4893a675b96551c2b5efef07e11cbff10396606e46bbde1aa30c77#rd
legacy_1656167460,1656167460,2022-06-25,回顾| “小班”一年 我的“关键词”,JI觅源,https://mmbiz.qlogo.cn/mmbiz_jpg/5Y86fOG9o5RjsOq84FtPg2NA4c4iaM3ZXrzzo8Oe4V6ShXYaCY04Sq9Zgkdw4uCNWQfeUtb1rAt0Ma87AFKJclg/0?wx_fmt=jpeg,http://mp.weixin.qq.com/s?__biz=MzAwNTYxNzk3Mw==&mid=2648011946&idx=1&sn=d6dcecce26443fd44136c1a5f4cc098a&chksm=833834f0b44fbde6dff5a3f82c200ffafc40f2433f3ef83086a7786aa6d1c4a944a7f8fdb68b#rd
legacy_1656119323,1656119323,2022-06-25,6.25天气预报,密院气象,https://mmbiz.qlogo.cn/mmbiz_jpg/ic56fiaeKmYMA2iaA6K6ACfOFuoIvDicia2TdQxFCiazAibeGpAwwzDr4B1ugWvsictfflBdZTodl3SQg7rtLpDdPkaQFQ/0?wx_fmt=jpeg,http://mp.weixin.qq.com/s?__biz=Mzg5MzYyODUzMw==&mid=2247483755&idx=1&sn=5e614c0aabaa4621a5efa623901d1d87&chksm=c02ab871f75d316704d0868d3a8622b9b303c6a11b7532899595e5510609d0050abe631fc7c0#rd
legacy_1656074997,1656074997,2022-06-24,研究生申请&生涯发展经验分享会 (3),JIAdvisingCenter,https://mmbiz.qlogo.cn/sz_mmbiz_jpg/vibN6sMP6fMiaQCneOUx6aF6qKqoRSHCF0Y8eQbiaWiczs0qwDFVb2w5WGFwBKrLPDuLjJJe5bfzAck7wTjEK9n0ow/0?wx_fmt=jpeg,http://mp.weixin.qq.com/s?__biz=MzU1Mzk2MDE0Ng==&mid=2247484465&idx=1&sn=af4876dcf59ef55c019643c5b0c2bbe2&chksm=fbeb938ccc9c1a9a1019dda986ab6d5e9f3c0101980a73ff28f4ba8428dad20fe573b8511be3#rd
legacy_1656054385,1656054385,2022-06-24,习近平同志《论党的青年工作》主要篇目介绍（一）,JI青团,https://mmbiz.qlogo.cn/mmbiz_jpg/QfDapvG9u4DRAnrv3NOo57nTbRnjEel2BnM2iaf9eicv8GRAcDo34SXJUq04Cib8O1gx70dOA5wF2iam1XwPfo1gibg/0?wx_fmt=jpeg,http://mp.weixin.qq.com/s?__biz=MzUyMzMyNTY0OQ==&mid=2247486396&idx=1&sn=eecb131e6b41762ba8f3f33dc391fc8d&chksm=fa3f1202cd489b1499acff193604d256f0dbd6d6ca92547effe8a8b30827c1620ca7e880a19e#rd
legacy_1656031420,1656031420,2022-06-24,6.24天气预报,密院气象,https://mmbiz.qlogo.cn/mmbiz_jpg/ic56fiaeKmYMA2iaA6K6ACfOFuoIvDicia2TdQxFCiazAibeGpAwwzDr4B1ugWvsictfflBdZTodl3SQg7rtLpDdPkaQFQ/0?wx_fmt=jpeg,http://mp.weixin.qq.com/s?__biz=Mzg5MzYyODUzMw==&mid=2247483753&idx=1&sn=76a43909754e5dd4e407639764a0df22&chksm=c02ab873f75d31659229700244b8745d96ce2c4dd77609b0b706bfc01c8dbc152a322ddc2684#rd
legacy_1655950244,1655950244,2022-06-23,6.23天气预报,密院气象,https://mmbiz.qlogo.cn/mmbiz_jpg/ic56fiaeKmYMA2iaA6K6ACfOFuoIvDicia2TdQxFCiazAibeGpAwwzDr4B1ugWvsictfflBdZTodl3SQg7rtLpDdPkaQFQ/0?wx_fmt=jpeg,http://mp.weixin.qq.com/s?__biz=Mzg5MzYyODUzMw==&mid=2247483751&idx=1&sn=bb072cfeb28f5018a12901de9c1a0912&chksm=c02ab87df75d316ba8e36465ae076bcd2e9d06e079d67d9c66a1d1a4f22f7c3095c372d5301a#rd
legacy_1655890058,1655890058,2022-06-22,招募|小班招募,JI觅源,https://mmbiz.qlogo.cn/mmbiz_jpg/5Y86fOG9o5QqmYSZAibUyfFfPteIYPLdr3ibrCx0aPd2W5z5e1O3J2GMpBYH6ibz8HiaqvRskLJ93JwnLd3ia5o5SHg/0?wx_fmt=jpeg,http://mp.weixin.qq.com/s?__biz=MzAwNTYxNzk3Mw==&mid=2648011899&idx=1&sn=f520c5a26d769065839abf69fa934412&chksm=83383421b44fbd3796c726453f0e91ed87c810bd3b4e6d1550b781cf3299274191787cfaf199#rd
legacy_1655870443,1655870443,2022-06-22,快来查收蓝虎新版动态表情包吧！,JIers,https://mmbiz.qlogo.cn/mmbiz_jpg/sZvUJ5A0zNFvLKo7nj6eia8qyWWalicu0k6SRmx17Nje8ibefYb3nfJicD4icohiaoUbCf1QyraRTRiaalIRDGJKCichaw/0?wx_fmt=jpeg,http://mp.weixin.qq.com/s?__biz=MzA5MDMyMTc1MQ==&mid=2651185980&idx=1&sn=68795d12ca5df99a3f3fdab6b05f2982&chksm=8bfc2504bc8bac12cdba5cdd5f77f21f541e145d5a464cbba780d338d119e721ed827539942e#rd
legacy_1655793054,1655793054,2022-06-21,公示|“交阳似火”暑期社会实践团正式名单公示,JI觅源,https://mmbiz.qlogo.cn/mmbiz_jpg/5Y86fOG9o5S6IWXF61M3N8ibsuwYcibxbpiapLqRNca8Wibib836JficVpSQPul2Joficyrib0Em71fVXJPdxfnH7GV1Cg/0?wx_fmt=jpeg,http://mp.weixin.qq.com/s?__biz=MzAwNTYxNzk3Mw==&mid=2648011810&idx=1&sn=8f4e97069323eb968966c7184ad88519&chksm=83383478b44fbd6eb57b2026b023199eb683d875b9bc2b49508ab0cb8b544a4ce5dbcebe202f#rd
legacy_1655734146,1655734146,2022-06-20,坚持做一件事是件很酷的事情，让我们一起做一个酷酷的仔~,JI青团,https://mmbiz.qlogo.cn/mmbiz_jpg/QfDapvG9u4BTa8hyibReYyHZ1UicS7dQ2J908lIuKhdRVQmYibMvboTaf6SLiax29klwqVPasrvO92Ye43nouFGkNg/0?wx_fmt=jpeg,http://mp.weixin.qq.com/s?__biz=MzUyMzMyNTY0OQ==&mid=2247486384&idx=1&sn=6f7486c21d04268e4e492e55dff63310&chksm=fa3f120ecd489b189d96c3a30ebe4225a639335f33da36a82254614b83d73d1e5bd0b450eae6#rd
legacy_1655687671,1655687671,2022-06-20,公示|“交阳似火”暑期社会实践团名单,JI觅源,https://mmbiz.qlogo.cn/mmbiz_jpg/5Y86fOG9o5R7fgSqrJpoQplicmpxOwSMNznmg6CQpW0bbUich5nK0O7UII4sNwccmIsiceJLjB6tSIB8RPtxiaddqg/0?wx_fmt=jpeg,http://mp.weixin.qq.com/s?__biz=MzAwNTYxNzk3Mw==&mid=2648011794&idx=1&sn=d0c71635512d2029050ce2d5b54cd3c8&chksm=83383448b44fbd5e99e27efe0c07da5d0881ddcac3dbc5fbe1ede755268e7b15278fd9c096ac#rd
legacy_1655648822,1655648822,2022-06-19,服务月 | JIer的蓝虎live2D它来了！！！,JIers,https://mmbiz.qlogo.cn/mmbiz_jpg/sZvUJ5A0zNGPfh4fwEPUHkKcfkaQrp0fvhLxg6aiaAEsbUyoq6LFdwfPDH9MXKrMPLt9EvPFxvBkvINA1Dw70rw/0?wx_fmt=jpeg,http://mp.weixin.qq.com/s?__biz=MzA5MDMyMTc1MQ==&mid=2651185975&idx=1&sn=d57927381e66db52f1e7ad2ba2e9b895&chksm=8bfc250fbc8bac19eb73e4fd2c0db3739f2217e10715bbc9556abfd0966bdf90495a4e4b3748#rd
legacy_1655627833,1655627833,2022-06-19,服务月 | F.B.S. x Advising Center 让我们瞧瞧，是哪位JIer又emo了？,JIAdvisingCenter,https://mmbiz.qlogo.cn/sz_mmbiz_jpg/vibN6sMP6fMhNctykibiaibjhYyevuSiaGENA8twBic0YFIWSgIynwrzmzEnq8KMYVTqWm8aEWkgiaCtmsPMjgcibeLolA/0?wx_fmt=jpeg,http://mp.weixin.qq.com/s?__biz=MzU1Mzk2MDE0Ng==&mid=2247484461&idx=1&sn=f6c4a45c0eb585e00d37c4f3fedd6ebf&chksm=fbeb9390cc9c1a86d9de59446dd77d93e829b71c20326bda571de9c3e84bfd0c70c89454c760#rd
legacy_1655602200,1655602200,2022-06-19,密西根学院毕尤一教授课题组招募“互联网+”大学生创新创业大赛项目成员,JIcareer,https://mmbiz.qlogo.cn/mmbiz_jpg/PB5L45ia5moS1GGwCtJTMNWvica4cSxB456uEHV4jyJIuAnOGsuQaxtk4qj1TWrVQadfoBbRN9AsHmZRmOmmgRYQ/0?wx_fmt=jpeg,http://mp.weixin.qq.com/s?__biz=MzI5MTcwMDg2Mg==&mid=2247491845&idx=1&sn=8f1a14a70249cf4b9d5ae5a9d9c6e840&chksm=ec0e0814db7981029ac7f286c6b99f23f5035d2083ebee30337e15dd2d46bf45338c2b2fdee9#rd
legacy_1655546531,1655546531,2022-06-18,职场分享| 新能源车企体验经理&互联网公司商业分析师,JIcareer,https://mmbiz.qlogo.cn/mmbiz_jpg/PB5L45ia5moQp0xEL3BbQGSCKhKZxj4ib0eWacuaIJKWXcoMEazE21M98I9q62HOzsMUsgUhgGFsKv2TSyjgR68Q/0?wx_fmt=jpeg,http://mp.weixin.qq.com/s?__biz=MzI5MTcwMDg2Mg==&mid=2247491837&idx=1&sn=ceae55436333a0146e8c711b0ed7498f&chksm=ec0e09ecdb7980fa741034f09d0a112e063c2f701ab50208225cbb6f051767ef5e01c341cdea#rd
legacy_1655543700,1655543700,2022-06-18,服务月 | F.B.S. x Advising Center 让我们瞧瞧，是哪位JIer又emo了？,JIers,https://mmbiz.qlogo.cn/mmbiz_jpg/sZvUJ5A0zNHUiaTicwoVNXYiaIJnDByzJGib5K8mMonseLsLGibORJJzfTfRz4cVwIwS5a5zq6y4ia9Dic1RSEiax723XA/0?wx_fmt=jpeg,http://mp.weixin.qq.com/s?__biz=MzA5MDMyMTc1MQ==&mid=2651185953&idx=1&sn=e9acf2d17cfde1ec64a09d291f2da0b5&chksm=8bfc2519bc8bac0fc7a9d25ffa5901910722f085b9a292b35c4c623dabff4abe6a3e399acad2#rd
legacy_1655440790,1655440790,2022-06-17,服务月 | 盘点：如何避免提案咕咕？！,JIers,https://mmbiz.qlogo.cn/mmbiz_jpg/sZvUJ5A0zNE1fVflw5icBTgZokiaIXBP1tC4XfjcY2oxa0hVnP0zBAyQp63ceKLv2wfFluRYY9LgXUSEU3LkVERg/0?wx_fmt=jpeg,http://mp.weixin.qq.com/s?__biz=MzA5MDMyMTc1MQ==&mid=2651185936&idx=1&sn=b24837bf70080ad03e38711c664bd1c1&chksm=8bfc2528bc8bac3ebe92b1ed0e3ea907e88458e87027eb605ba9aa34c73485c1a3fc7649d075#rd
legacy_1655373138,1655373138,2022-06-16,招募令|“交阳似火”暑期社会实践报名,JI觅源,https://mmbiz.qlogo.cn/mmbiz_jpg/5Y86fOG9o5RCBmHib6ooicpibUDm0Rbzp895WrfaWe7Bc2eZTwia4PsWVawcGTrm2xgqumGyFDoSGg5d1mSklH9FXQ/0?wx_fmt=jpeg,http://mp.weixin.qq.com/s?__biz=MzAwNTYxNzk3Mw==&mid=2648011717&idx=1&sn=3ae100b85ad81c236cbfd2a35595607a&chksm=8338339fb44fba89bcdd1118c15cee0e851cd4dc375c110cb72eaf4933cff317e610a6c30aa0#rd
legacy_1655340412,1655340412,2022-06-16,6.16天气预报,密院气象,https://mmbiz.qlogo.cn/mmbiz_jpg/ic56fiaeKmYMA2iaA6K6ACfOFuoIvDicia2TdQxFCiazAibeGpAwwzDr4B1ugWvsictfflBdZTodl3SQg7rtLpDdPkaQFQ/0?wx_fmt=jpeg,http://mp.weixin.qq.com/s?__biz=Mzg5MzYyODUzMw==&mid=2247483736&idx=1&sn=b1137ffd0cfd68e5794ca845d56c0e5f&chksm=c02ab842f75d315459af6ed12611115b00580012cdf78a8f2c73126447577d53e7417dc70176#rd
legacy_1655258539,1655258539,2022-06-15,万般玩趣 | 召集令成果反馈！,JIers,https://mmbiz.qlogo.cn/mmbiz_jpg/sZvUJ5A0zNGnOqjX9BBzhbkylTfN0TkGwLTianyqaCayPdYN8Rb89Re7CYTrMLeL7VicOBiafs9sibJafwTKQ1YOgA/0?wx_fmt=jpeg,http://mp.weixin.qq.com/s?__biz=MzA5MDMyMTc1MQ==&mid=2651185926&idx=1&sn=3ec6849e7a2fc5a8e6bcab4364c3be6b&chksm=8bfc253ebc8bac28dfc3d39839076d707eac5ff567bb5c86f5f807211ab7f555ca2d1aa6b70e#rd
legacy_1655254575,1655254575,2022-06-15,6.15天气预报,密院气象,https://mmbiz.qlogo.cn/mmbiz_jpg/ic56fiaeKmYMA2iaA6K6ACfOFuoIvDicia2TdQxFCiazAibeGpAwwzDr4B1ugWvsictfflBdZTodl3SQg7rtLpDdPkaQFQ/0?wx_fmt=jpeg,http://mp.weixin.qq.com/s?__biz=Mzg5MzYyODUzMw==&mid=2247483734&idx=1&sn=4c08fe25912365143a20fb6a82388812&chksm=c02ab84cf75d315acdbfda65826c84a91fd380530b4fca4d10405e83f88c75e3e25bf04da81b#rd
legacy_1655174263,1655174263,2022-06-14,志愿者群像 | 线上陪伴，用心呵“沪”,JI觅源,https://mmbiz.qlogo.cn/mmbiz_jpg/LYfalg5ibn0BagfEbvGBJYTw2PQqWp6R0Phuan37RjjzF57vpqztNrsHxgLQEIibzdLwq0fNibdd9iaYOPUoNPeApg/0?wx_fmt=jpeg,http://mp.weixin.qq.com/s?__biz=MzAwNTYxNzk3Mw==&mid=2648011595&idx=1&sn=3a175647577957414ade8d54eaf3453d&chksm=83383311b44fba079a2c419b42092ea09a31c7edf33db981044dc6b045e7f9fc7c777c0a3d5a#rd
legacy_1655168550,1655168550,2022-06-14,6.14天气预报,密院气象,https://mmbiz.qlogo.cn/mmbiz_jpg/ic56fiaeKmYMDmFxRMibEFTK9hAyfUlcgdNwR0CjvvVjffnc0VhQyNgJbVO4OcsgYye26d3J9pNuxgibdIhqTD1sgA/0?wx_fmt=jpeg,http://mp.weixin.qq.com/s?__biz=Mzg5MzYyODUzMw==&mid=2247483730&idx=1&sn=90bdf740a179109ffdb14f79c4510e0f&chksm=c02ab848f75d315e622dd3cb40624454509725995e2e9344c870b9a64b1a70c498e6a6ea7978#rd
legacy_1655130382,1655130382,2022-06-13,叮咚，青年大学习来啦,JI青团,https://mmbiz.qlogo.cn/mmbiz_jpg/QfDapvG9u4CuQBibeZ4MPQtYrgXu0ldplEmibzan1rd5XDULibnKfVueAuwL8C0oUXxPofibr8IWsiamvgeSyGFciaQw/0?wx_fmt=jpeg,http://mp.weixin.qq.com/s?__biz=MzUyMzMyNTY0OQ==&mid=2247486369&idx=1&sn=41ebde5e85d4236ab08716c6c8a6555f&chksm=fa3f121fcd489b097af59157db93f5e3c599c9b2fc95a97232c728e420d1ff019ce8c4efb2d2#rd
2247488345_1,1655012637,2022-06-12,赛事相关 | 2022年度上海交通大学“数学建模培训营”研赛招生通知,密院科协,https://mmbiz.qlogo.cn/mmbiz_jpg/jcRlSfwIXWkMt1uyA8yziasp2EE6xGuNjRxsslEa1RVHdmlp81hhgia6yicKyWdrJ2M4VNPmfvJJZDXnqOzTibKcyA/0?wx_fmt=jpeg,http://mp.weixin.qq.com/s?__biz=MzIyMDA2ODgyNA==&mid=2247488345&idx=1&sn=a73f46627862979b387b85191a66339d&chksm=97d0fdeea0a774f88ca1a8da44eb26964b072e907f4e20d054f3b6477d1976ac3748f772a2e5#rd
legacy_1654784264,1654784264,2022-06-09,回顾｜研究生申请workshop for DDers (CE/EE/IOE专场),JIAdvisingCenter,https://mmbiz.qlogo.cn/sz_mmbiz_jpg/vibN6sMP6fMhfgY8NzZpoBjzaTTmvibAAlBuAOdoHrabH3E2nL8Y2HO6TErbticAprk0wqLLJtjjJZv4YlVDClAFA/0?wx_fmt=jpeg,http://mp.weixin.qq.com/s?__biz=MzU1Mzk2MDE0Ng==&mid=2247484441&idx=1&sn=3d0a7f98a3bd02976b0e45220c438a38&chksm=fbeb93a4cc9c1ab25d4347f51790d03ba7bf3d78a5ddeed62ba5dfebfd04f08fecc109855bda#rd
legacy_1654746363,1654746363,2022-06-09,服务月 | 当你一早醒来，蓝虎变成了.....,JIers,https://mmbiz.qlogo.cn/mmbiz_jpg/sZvUJ5A0zNGhlic3CvsC1EDD26IYENNtj92PWZYqdMXcO0cCh4j217nMKiaEEneEn0pqWjic54dibAPOrqicfltqeFg/0?wx_fmt=jpeg,http://mp.weixin.qq.com/s?__biz=MzA5MDMyMTc1MQ==&mid=2651185867&idx=1&sn=2d4e3bfb8e4efeb4de9f3158763f3648&chksm=8bfc24f3bc8bade52e450b1adeb5f1f398718ef7f79fc3f759811df8ce80408e4ac25e780ea1#rd
legacy_1654696237,1654696237,2022-06-08,交大密西根学院夏季学期云端自习室上线啦！,JI青团,https://mmbiz.qlogo.cn/mmbiz_jpg/QfDapvG9u4D7vGvOvz0xzibptAbpN8v2VFwuwzxwx4P3pR43gSue5mZficTH0InT3P953WTag8xylxAvnqkUk6icg/0?wx_fmt=jpeg,http://mp.weixin.qq.com/s?__biz=MzUyMzMyNTY0OQ==&mid=2247486353&idx=1&sn=9c58a974da912ea5870364c627677120&chksm=fa3f122fcd489b39049f8b8c397945a354ec67a3677c0c7522d2370cc321ac7d585528d416d3#rd
legacy_1654683827,1654683827,2022-06-08,服务月 | 手机版canvas app x 信息整合平台 x 密院12345 联合发布,JIers,https://mmbiz.qlogo.cn/mmbiz_jpg/sZvUJ5A0zNHjckU4uv3EycF3IaT10icDKGOIKiacicKZD8oByicAClUdhXgsgOKVtnmpBb5dRZR51VRliapvNdrNic9w/0?wx_fmt=jpeg,http://mp.weixin.qq.com/s?__biz=MzA5MDMyMTc1MQ==&mid=2651185851&idx=1&sn=99cff554bfa2ff09f2a36342c5348803&chksm=8bfc2483bc8bad95849cb5775bc946e78b747fbbc5d67be7e035f4dc568b4d1b3556e8e76a10#rd
legacy_1654615201,1654615201,2022-06-07,通知 | 关于开展2022年上海交通大学暑期社会实践的通知,JI青团,https://mmbiz.qlogo.cn/mmbiz_png/QfDapvG9u4AmJ3iaZRWu8ZlB7ficzAEoXM0o3NLYG53goB7nr1kuOwvEicibDXWdD9Btq7Fwkj92KUMQDsjYsnd6qA/0?wx_fmt=png,http://mp.weixin.qq.com/s?__biz=MzUyMzMyNTY0OQ==&mid=2247486349&idx=1&sn=4be0b005228f81c99e38b5610c9aa769&chksm=fa3f1233cd489b25f15a87cdaf3173ffef923601b0096c30b2e20bc6157e14f730649f861680#rd
legacy_1654524315,1654524315,2022-06-06,新一期青年大学习来啦！,JI青团,https://mmbiz.qlogo.cn/mmbiz_jpg/QfDapvG9u4DqIu8iccicyWEOzLmgsEGDsWKx0brvl21p54pndW57KibsUmWbgRYcibIRWa8b2xBmg6e6HRZx9rNaicA/0?wx_fmt=jpeg,http://mp.weixin.qq.com/s?__biz=MzUyMzMyNTY0OQ==&mid=2247486337&idx=1&sn=37f520d21e21fc4cfa82a1056a7f9690&chksm=fa3f123fcd489b298963676544f00da8e408bfabdd7dedff9d7975ba67606f045fd0ee727048#rd
legacy_1654337062,1654337062,2022-06-04,职场分享| 新能源车企资深工程师&半导体芯片公司架构师,JIcareer,https://mmbiz.qlogo.cn/mmbiz_jpg/PB5L45ia5moQp0xEL3BbQGSCKhKZxj4ib0victafib9wExzbQsicniaezM6XjanaFOjgHianDrO8kQzp1ezB8nhCb6KVw/0?wx_fmt=jpeg,http://mp.weixin.qq.com/s?__biz=MzI5MTcwMDg2Mg==&mid=2247491804&idx=1&sn=fc358d1fc2dab6fc10a6299f56f8a73b&chksm=ec0e09cddb7980db18d72b98835b4b9f1b5e173f97540fed01e6e649168dba65ed0d7fa406a2#rd
legacy_1654328621,1654328621,2022-06-04,云托班志愿者信息统计,JI觅源,https://mmbiz.qlogo.cn/mmbiz_jpg/5Y86fOG9o5QqpMZ45ribYngdYEC1qJAnvqDiciaia79e09wlH2tjyd0JDQacf52vic8wO2AlNH0zKtoqibCpCkCibyLcg/0?wx_fmt=jpeg,http://mp.weixin.qq.com/s?__biz=MzAwNTYxNzk3Mw==&mid=2648011591&idx=1&sn=8eed2c4e0f92125e41bc4674e82357ab&chksm=8338331db44fba0b75b91f9fa9dfc356bc6775781e43f5968b5776e21892f0b68613b7ccf7e2#rd
legacy_1654228442,1654228442,2022-06-03,服务月 | 夏季权益问题反馈 · 重点问题定点调研 · FOR BETTER SUMMER,JIers,https://mmbiz.qlogo.cn/mmbiz_jpg/sZvUJ5A0zNEYOf3xlHvztPduN27SkoQkviaKQibDQR35QzSa6L1zuz1kk9mhVy8svicQyrD4wCQibLSgxoMasbFwrA/0?wx_fmt=jpeg,http://mp.weixin.qq.com/s?__biz=MzA5MDMyMTc1MQ==&mid=2651185835&idx=1&sn=f81e3ffceee84ec3d55ca46ee814568d&chksm=8bfc2493bc8bad859fcfea29e784b4fd77e3b1348d32d71763cfdc9abcd11982c59891945188#rd
legacy_1654153902,1654153902,2022-06-02,服务月 | 密院12345·权益提问箱攻略,JIers,https://mmbiz.qlogo.cn/mmbiz_jpg/sZvUJ5A0zNGbyW74Jsgl4OibXMEsC9sGcW1FEDgicb5hlvByQHRSs4xpnOa50Ew5VpzibRExnzfZR9Fj5xSDNbHNQ/0?wx_fmt=jpeg,http://mp.weixin.qq.com/s?__biz=MzA5MDMyMTc1MQ==&mid=2651185809&idx=1&sn=775154e62c5c543e9203d3ca27c899d7&chksm=8bfc24a9bc8badbf93d424493a48eb9f21508815605f0a49c44a2c64c842f72c5498c4fef139#rd
legacy_1654091999,1654091999,2022-06-01,中物院2022年度暑期实践生招募开始啦!,JIcareer,https://mmbiz.qlogo.cn/mmbiz_jpg/PB5L45ia5moRYGN6ckdibrsdED2Xw537LtMqT3nOkgF7Iwribm2AkDuibjCI0ibmRriarOjEtqg4KMYcZXQmF2zEMoRA/0?wx_fmt=jpeg,http://mp.weixin.qq.com/s?__biz=MzI5MTcwMDg2Mg==&mid=2247491745&idx=1&sn=3374d3530cb35d3e8538270c90b5d859&chksm=ec0e09b0db7980a65276b9eabc69cf0875ca026577c3dfa46932400243ea8e58c71c5d6107c8#rd
legacy_1653918467,1653918467,2022-05-30,青年大学习：学习习近平总书记给“国际青年领袖对话”项目外籍青年代表回信精神,JI青团,https://mmbiz.qlogo.cn/mmbiz_jpg/QfDapvG9u4AS174Tw821oTqcznMB6yI1syMxezhQibgHE5icl07ekALXRCgJYLGN94FsLCLCl3MDJEdfvUVreomg/0?wx_fmt=jpeg,http://mp.weixin.qq.com/s?__biz=MzUyMzMyNTY0OQ==&mid=2247486319&idx=1&sn=6e951565810d42f521d6dae9eb330934&chksm=fa3f12d1cd489bc74904fe9c7bedd465ed897121eb57adb284035315f21eda756d1990e73a36#rd
legacy_1653915004,1653915004,2022-05-30,赛事相关 | 第八届中国国际“互联网+”大学生创新创业大赛,密院科协,https://mmbiz.qlogo.cn/mmbiz_jpg/jcRlSfwIXWkEKyssWic5OIwVtuvw7HQibibQuKWXVE83U1BMGabBicSgiabRobY2S75F7vMt0Opiapxth8HIRdXYT8Pw/0?wx_fmt=jpeg,http://mp.weixin.qq.com/s?__biz=MzIyMDA2ODgyNA==&mid=2247488296&idx=1&sn=ee28dcb53c3710abec89e6089f70f0f0&chksm=97d0fd9fa0a77489d53393357853b655e107777a6f54d514dceb08164d198e9ff4cbd338525e#rd
legacy_1653893676,1653893676,2022-05-30,Back to life | “灵感在线” 夏季周边设计大赛,JIers,https://mmbiz.qlogo.cn/mmbiz_jpg/sZvUJ5A0zNHFqfJMycO2dibic9hpLxOafiaqce34xYdW6ZFfibKZibLvaXQAaCCEWAR28ficRztFiaveJGC1qXNGe6QUQ/0?wx_fmt=jpeg,http://mp.weixin.qq.com/s?__biz=MzA5MDMyMTc1MQ==&mid=2651185797&idx=1&sn=583df7fa1bad87585e0a1a36444e4872&chksm=8bfc24bdbc8badab8c057799cc9b3c1604c644c1d7a4e1beac7025987c64f250db5481633072#rd
legacy_1653809321,1653809321,2022-05-29,Sign Up | Female Leadership Forum 2022,JIcareer,https://mmbiz.qlogo.cn/mmbiz_jpg/PB5L45ia5moQ4AibkvlTuk6ptJxszs7BJKDibzniaTjNt2ZNDo4hibtrwZ6KMPL6ln282pKO4KT9TFfaFR1ssMxPccg/0?wx_fmt=jpeg,http://mp.weixin.qq.com/s?__biz=MzI5MTcwMDg2Mg==&mid=2247491725&idx=1&sn=41c4c275965a0b2ee76d681a3e83e73f&chksm=ec0e099cdb79808a4e0daadf14c17a3120b0782d7c2a7ab619660205686eed9f1b35851126b5#rd
legacy_1653756447,1653756447,2022-05-29,研究生申请&生涯发展经验分享会 | For DDers (CE/EE/IOE专场),JIAdvisingCenter,https://mmbiz.qlogo.cn/sz_mmbiz_jpg/vibN6sMP6fMiaqQz5WPAGMHUvEZ9SNcyN4QXXC1jtEkNFc1fUXoiczUlicT3B1YjfuM5Pz5fUdtsB9BPLWLVvHUhqQ/0?wx_fmt=jpeg,http://mp.weixin.qq.com/s?__biz=MzU1Mzk2MDE0Ng==&mid=2247484425&idx=1&sn=aa9ce6b447305c994aaca1fbe733a074&chksm=fbeb93b4cc9c1aa2153c9c421ad4c8c56ab5e3dc2c4ed4ac5128c371db1d166c211b6442293a#rd
legacy_1653752093,1653752093,2022-05-28,【推广】EECS专场 | 耶鲁、西北、UIUC！当前形势下，我该如何申请EECS？,JIers,https://mmbiz.qlogo.cn/mmbiz_jpg/sZvUJ5A0zNHKYBDGQ7oiauy1QOLia0EBCwicY8aXmdHvHeibUO1JdqQ5MVLo0TXLrVj5o0n3blmg4WsZsB00h0yZZQ/0?wx_fmt=jpeg,http://mp.weixin.qq.com/s?__biz=MzA5MDMyMTc1MQ==&mid=2651185782&idx=2&sn=2bf72405fd4782c9dbd20a5ea80058ff&chksm=8bfc244ebc8bad5875cfbad7136894091e9fa26380609c8a5fd82e0519cfca4b16d3f4182925#rd
legacy_1653734498,1653734498,2022-05-28,人民日报评论部：崇德向善、严守纪律——把青春播撒在民族复兴的征程上⑤,JI青团,https://mmbiz.qlogo.cn/mmbiz_jpg/QfDapvG9u4BZcibEN1k9RxoEN0XLnO4ov0u4Za4fFpgyCMHJ2nib6gUGl4s0e5DPQDJWzttcfvBXibvicyHdPEz8wA/0?wx_fmt=jpeg,http://mp.weixin.qq.com/s?__biz=MzUyMzMyNTY0OQ==&mid=2247486301&idx=1&sn=2fa7e5ccab9f282fa61b91f8c513ff77&chksm=fa3f12e3cd489bf58d4bc50da91bd1cc00592253bb7645dcb42195333f466429271c80abbbcb#rd
legacy_1653661410,1653661410,2022-05-27,Announcement | 觅源青志队部长团名单,JI觅源,https://mmbiz.qlogo.cn/mmbiz_jpg/5Y86fOG9o5TRhB2Fy8Bxht2NOVicqtM6ONplETHrVyGeMicbJOZ1cVudXBcEzZCa20pT9xFzaMSkPxM9QdX7v9oQ/0?wx_fmt=jpeg,http://mp.weixin.qq.com/s?__biz=MzAwNTYxNzk3Mw==&mid=2648011583&idx=1&sn=c08e640d1c0debfdcb0d21f3e90a25b7&chksm=83383365b44fba737163412305df6146a878945364c028a00c9eecc10f535a440995f8b9292e#rd
legacy_1653655336,1653655336,2022-05-27,人民日报评论部：艰苦奋斗、无私奉献——把青春播撒在民族复兴的征程上④,JI青团,https://mmbiz.qlogo.cn/mmbiz_jpg/QfDapvG9u4BZcibEN1k9RxoEN0XLnO4ov0u4Za4fFpgyCMHJ2nib6gUGl4s0e5DPQDJWzttcfvBXibvicyHdPEz8wA/0?wx_fmt=jpeg,http://mp.weixin.qq.com/s?__biz=MzUyMzMyNTY0OQ==&mid=2247486298&idx=1&sn=e10bac10a7f30f9387ac16ae0e84de95&chksm=fa3f12e4cd489bf20f6a08598636cb5580d5f18fbd3e10087630f529707848911f030e7c40b0#rd
legacy_1653566952,1653566952,2022-05-26,人民日报评论部：敢于斗争、善于斗争——把青春播撒在民族复兴的征程上③,JI青团,https://mmbiz.qlogo.cn/mmbiz_jpg/QfDapvG9u4BZcibEN1k9RxoEN0XLnO4ov0u4Za4fFpgyCMHJ2nib6gUGl4s0e5DPQDJWzttcfvBXibvicyHdPEz8wA/0?wx_fmt=jpeg,http://mp.weixin.qq.com/s?__biz=MzUyMzMyNTY0OQ==&mid=2247486295&idx=1&sn=f14ac378113a19fd357d4e22f749d11e&chksm=fa3f12e9cd489bff2aef57e2d0480760ac704825021a2f28d43c09f32fd6294efff46609bcbc#rd
legacy_1653560174,1653560174,2022-05-26,服务月｜密院12345：全新的权益反馈体验！,JIers,https://mmbiz.qlogo.cn/mmbiz_jpg/sZvUJ5A0zNENeh0X1llR0s9joO2LI6E3e1U6I5IulEHuBtGf4ZrJ81YU3ia4xYbDsxuEZCvpria8Q1RLSdiclao9g/0?wx_fmt=jpeg,http://mp.weixin.qq.com/s?__biz=MzA5MDMyMTc1MQ==&mid=2651185769&idx=1&sn=5b295c9a0f58b3af1dfa26dbfc2bb96e&chksm=8bfc2451bc8bad4713a5663ff2713d51264add07d4b3ee37ca23ef1c928cb14edf8154193688#rd
legacy_1653488445,1653488445,2022-05-25,【活动】密院“工转商”升学分享会预告,JIcareer,https://mmbiz.qlogo.cn/mmbiz_jpg/PB5L45ia5moSNQpVcLYNa57WN3ufOeuCxzKbaO9RG8LEDw2CMnyPskCSe9l7D0atcDqdFwo19d8ibJQqiccG6VEHg/0?wx_fmt=jpeg,http://mp.weixin.qq.com/s?__biz=MzI5MTcwMDg2Mg==&mid=2247491710&idx=1&sn=6ef79f4599404bf731dc226397fd15cb&chksm=ec0e096fdb7980791670c3ed17b9db99ea954ada8dd84baf686847744cf326207bff0c8ec3a0#rd
legacy_1653457678,1653457678,2022-05-25,回顾｜研究生申请workshop for DDers,JIAdvisingCenter,https://mmbiz.qlogo.cn/sz_mmbiz_jpg/vibN6sMP6fMia2Qwiatd5dibItBUFVSeuQqwqp1vyia856ficIbNguV9FrDoRLKNbs5cGWXtwUQCaMu7GBng1YRib6c3A/0?wx_fmt=jpeg,http://mp.weixin.qq.com/s?__biz=MzU1Mzk2MDE0Ng==&mid=2247484415&idx=1&sn=871a6907a654ed93473a2b1e7ac3a19d&chksm=fbeb9442cc9c1d544d442d36b2ef242e51fe30af501dfa88b7d2ad2f87383eb7b86a97137644#rd
legacy_1653455486,1653455486,2022-05-25,2022年毕业学生团员组织关系转接指引和问答，请查收！,JI青团,https://mmbiz.qlogo.cn/mmbiz_jpg/QfDapvG9u4Akqks8JI1u5vfREuf7qHxQ31mPyOia2ic8oklruf5dicxYAmOTge3UUNmVKmfoE2hl0kcQfrL8V1IicA/0?wx_fmt=jpeg,http://mp.weixin.qq.com/s?__biz=MzUyMzMyNTY0OQ==&mid=2247486292&idx=1&sn=e58d83d7d2be4d9857458ffce5bb4828&chksm=fa3f12eacd489bfcd40d5a35729467cbe84fb2c2faa67ad3e4280946e4fae4938551b3528b42#rd
legacy_1653400076,1653400076,2022-05-24,人民日报评论部：理想远大、信念坚定——把青春播撒在民族复兴的征程上①,JI青团,https://mmbiz.qlogo.cn/mmbiz_jpg/QfDapvG9u4BZcibEN1k9RxoEN0XLnO4ov0u4Za4fFpgyCMHJ2nib6gUGl4s0e5DPQDJWzttcfvBXibvicyHdPEz8wA/0?wx_fmt=jpeg,http://mp.weixin.qq.com/s?__biz=MzUyMzMyNTY0OQ==&mid=2247486285&idx=1&sn=087e843ea5d9de4425b5eb981628854a&chksm=fa3f12f3cd489be5f3d39f074ba02b13485ed3c61cbcae13b6dde4d016ac85a36208888e1e7b#rd
legacy_1653381370,1653381370,2022-05-24,服务月 | 学生会活动策划体验小程序发布·舞会专场,JIers,https://mmbiz.qlogo.cn/mmbiz_jpg/sZvUJ5A0zNF8oSW3NkPmUIUVnuj1eslVrp1gKNdXsicCsXZgwNc4OE4WqHbc815nGyCqXLM9wchR8t8FhHib6oZA/0?wx_fmt=jpeg,http://mp.weixin.qq.com/s?__biz=MzA5MDMyMTc1MQ==&mid=2651185750&idx=1&sn=aef0ae274678e64323612345555d502e&chksm=8bfc246ebc8bad78e7f3b89409b106f6fc7afb97cdbb9d1275f5ee0a24588c8576c6d8ff58b9#rd
legacy_1653358054,1653358054,2022-05-24,换届通知 | 密院科协主席团及部长团换届通知,密院科协,https://mmbiz.qlogo.cn/mmbiz_jpg/jcRlSfwIXWlCKD9TF71qTBbDg7OpkibJWBc6qBD4a92JlJM3FfjxAVmSdvVASMI2evExEpVVGzI426fxiboiaIhng/0?wx_fmt=jpeg,http://mp.weixin.qq.com/s?__biz=MzIyMDA2ODgyNA==&mid=2247488285&idx=1&sn=fc1faa055cdbc5c872aa4943d5cfacbb&chksm=97d0fdaaa0a774bc7f6cf9f307cfe6d50d9142b998ec0a0994609d63804731d70bfb41290562#rd
legacy_1653310453,1653310453,2022-05-23,青年大学习：在新时代谱写青年运动新篇章,JI青团,https://mmbiz.qlogo.cn/mmbiz_jpg/QfDapvG9u4BpLzJpZx7aJSucg3tqNxdzDkEtBseX1MCwLp5ibaY3hcaD4kDnvkCe1cXt8NamrkJGcO8C0Cpe1eQ/0?wx_fmt=jpeg,http://mp.weixin.qq.com/s?__biz=MzUyMzMyNTY0OQ==&mid=2247486280&idx=1&sn=65ed940286c4b33dca30d3c0dc51698d&chksm=fa3f12f6cd489be0c11753c78fe3c958a5e6d81dadb60a0540ec5a4ff7fb22d2e57087fa3afa#rd
legacy_1653206327,1653206327,2022-05-22,服务月 | 夏季权益问卷·FOR BETTER SUMMER,JIers,https://mmbiz.qlogo.cn/mmbiz_jpg/sZvUJ5A0zNGBibR9y9f9bXhWhzBGx1S8J2wy8wIfrPiaYOywsu47rm6rUfkfkP4Cl3AUqjLyNphMY7tlNJDYFia1g/0?wx_fmt=jpeg,http://mp.weixin.qq.com/s?__biz=MzA5MDMyMTc1MQ==&mid=2651185743&idx=1&sn=4e7a32b232dddeac91fa925ca78dbb8b&chksm=8bfc2477bc8bad6119958a7b429814d6566609876fe7c0fdadd76c0d5a600ea6e15354cd5b62#rd
legacy_1653112956,1653112956,2022-05-21,回顾 | 春假BINGO活动回顾,JIers,https://mmbiz.qlogo.cn/mmbiz_png/sZvUJ5A0zNEE9ehUbp6PSwcd1icLh1UJnB7GuNz4PBl82BdZ2iarohOW3f2G80jicu50Syf3mo6IRjo4icjTBBiax2A/0?wx_fmt=png,http://mp.weixin.qq.com/s?__biz=MzA5MDMyMTc1MQ==&mid=2651185716&idx=1&sn=123db9362c9f36bd74c775de1cb59253&chksm=8bfc240cbc8bad1a195850bc17dd01b229ff089a3bb27ef358182aa504f0c7359a756832bfc2#rd
legacy_1653106699,1653106699,2022-05-21,传媒部 | PPT Workshop 来啦！,JIers,https://mmbiz.qlogo.cn/mmbiz_png/sZvUJ5A0zNHTYUfqzx2ftWEXIwJzUMbfyM6ia03x3IBKrA9x5pj6VGIVQDdd4b2QDtVGgtHRXLwYibl1sX2LhQSA/0?wx_fmt=png,http://mp.weixin.qq.com/s?__biz=MzA5MDMyMTc1MQ==&mid=2651185715&idx=1&sn=1da14bc3c3eff5415e4a74a75eec20e8&chksm=8bfc240bbc8bad1d0dc99918068aa401798b07a58cc13334f9ac57ce872fb64edda0ae55553f#rd
legacy_1653103833,1653103833,2022-05-21,研究生申请&生涯发展经验分享会 | For DDers,JIAdvisingCenter,https://mmbiz.qlogo.cn/sz_mmbiz_jpg/vibN6sMP6fMjp5FpuKh2hTVSicZnHxaiao3A7xRTBiceQMxoZUw2SICyL6Wt6D1SMeu6ic4CFecmtxkUrOUDZmlQDtQ/0?wx_fmt=jpeg,http://mp.weixin.qq.com/s?__biz=MzU1Mzk2MDE0Ng==&mid=2247484409&idx=1&sn=111ff93b1be572196741e31eb291a4e7&chksm=fbeb9444cc9c1d5267e2fafd5a1864f6b9841c5d5205edd85182a9cd48344c9cd2aba1324849#rd
legacy_1652946162,1652946162,2022-05-19,服务月 |「JIers专属」一站式平台发布,JIers,https://mmbiz.qlogo.cn/mmbiz_png/sZvUJ5A0zNHRoV6nSVMPOzdC3f6xVmQF0B8OBLohsxx7g34l0M6sbr6y5ic9f0T6w66NoQxSqqo3PXBSUX8HjYw/0?wx_fmt=png,http://mp.weixin.qq.com/s?__biz=MzA5MDMyMTc1MQ==&mid=2651185685&idx=1&sn=7a980c8ee5e9ad6c19746f2e496e65cb&chksm=8bfc242dbc8bad3b4aa414ee4cc92450e0c972b6234510427ae490b9b9ce3f546609d84a80d3#rd
legacy_1652766746,1652766746,2022-05-17,【招聘】Sophoton | 识光芯科在招岗位,JIcareer,https://mmbiz.qlogo.cn/mmbiz_jpg/PB5L45ia5moSxJYWoqYh7Mcrp4pecJNeJiamkvhgNySd3PIVbsKgPZxBXo2tjcB9FibIF1XMvb6FoogQvdgCgDo2A/0?wx_fmt=jpeg,http://mp.weixin.qq.com/s?__biz=MzI5MTcwMDg2Mg==&mid=2247491691&idx=1&sn=70aad1997dc0ba16c809ab3d1e53b883&chksm=ec0e097adb79806cd753c4950d1309b9ad5f8e3c0a65d1a08e98030376caab819132b121ff3c#rd
legacy_1652711615,1652711615,2022-05-16,青年大学习：学习习近平总书记在庆祝中国共产主义青年团成立100周年大会上的重要讲话精神,JI青团,https://mmbiz.qlogo.cn/mmbiz_jpg/QfDapvG9u4Dib2WjxQn9Bgn5VticgfEfdKibYtX5BQA5zbt9gemyzTrFYp1oOzj1V6MyBUjqsV7mhqrKoCntc8ByQ/0?wx_fmt=jpeg,http://mp.weixin.qq.com/s?__biz=MzUyMzMyNTY0OQ==&mid=2247486248&idx=1&sn=92d251a227a6a0190374ff5a283944af&chksm=fa3f1296cd489b8003c01dfc403cce50dfd33c649544333390b6e15f72e1e3b738b7ef524719#rd
legacy_1652708097,1652708097,2022-05-16,【活动回顾】GDP×保研workshop圆满结束！,JIcareer,https://mmbiz.qlogo.cn/mmbiz_jpg/PB5L45ia5moSictu4icWQJwfw0Myibnt9xKLjlv13GbzAt9D2Vp7My36zeOH1cOQAYD4l68OZG638slxbzWuh4liczA/0?wx_fmt=jpeg,http://mp.weixin.qq.com/s?__biz=MzI5MTcwMDg2Mg==&mid=2247491681&idx=1&sn=9d27cb02f3aacbe6bfd5e8a4a3540e6a&chksm=ec0e0970db798066032ba2bb809e8c29473206ce54164131221d23bbc2a7c1c8907e8f8ab307#rd
legacy_1652633146,1652633146,2022-05-16,密西根学院学生会第十七届主席团候选人介绍,JIers,https://mmbiz.qlogo.cn/mmbiz_jpg/sZvUJ5A0zNElgCAbsgr0A563icfX50g1XQZlITuIuaMTyianUCkxAm0zib4mHicAmEK1oiciaEnDfXv0DickKfUib6YhtA/0?wx_fmt=jpeg,http://mp.weixin.qq.com/s?__biz=MzA5MDMyMTc1MQ==&mid=2651185670&idx=1&sn=08acd02cf1fb3dfc6231d1892cf9fe79&chksm=8bfc243ebc8bad28a1898210c6bdd7f34f16497df1ced5611ea2468f6e9c91300cd208c2b442#rd
legacy_1652502015,1652502015,2022-05-14,通知 | 关于组织开展“我的入团故事”主题征文活动的通知,JI青团,https://mmbiz.qlogo.cn/mmbiz_jpg/QfDapvG9u4CdnRBr6OVoXeiaDIy2TKKHsll4IV7iaPX3tMPZpib0lD9kU80ndLq6erU5GUHnSp9JHYZdYM1NFc2SQ/0?wx_fmt=jpeg,http://mp.weixin.qq.com/s?__biz=MzUyMzMyNTY0OQ==&mid=2247486232&idx=1&sn=11c57e492f04a420e99be69698e4f338&chksm=fa3f12a6cd489bb034cf91791191f8298e6cffe04d1b2c5d969301a3f48b34a999451d2cf2c2#rd
legacy_1652423986,1652423986,2022-05-13,Advising Center 2022夏季值班开始啦！,JIAdvisingCenter,https://mmbiz.qlogo.cn/sz_mmbiz_jpg/vibN6sMP6fMjWgCnzBljYto7icrPEnHXQC4cy7rNjSd6GKiaD656icFHp9AnswEvkxLjQTNU8xvsYfm9dsCUI1AoeQ/0?wx_fmt=jpeg,http://mp.weixin.qq.com/s?__biz=MzU1Mzk2MDE0Ng==&mid=2247484386&idx=1&sn=53e4f39fe1667d350e45971054f395dd&chksm=fbeb945fcc9c1d49c73e66f4c902bda11550bebd2b8c3aa208a47049880bc118d0bbc0958645#rd
legacy_1652196254,1652196254,2022-05-10,密西根学院青年热议习近平总书记在建团百年庆祝大会上的讲话,JI青团,https://mmbiz.qlogo.cn/mmbiz_png/QfDapvG9u4A3DpOJFqZjvyQSFw2O8xwZLTEQzwxxljD77o9lGlShLxbFRaKPmHwiatKDo3hTzzOj4mSw066tG5Q/0?wx_fmt=png,http://mp.weixin.qq.com/s?__biz=MzUyMzMyNTY0OQ==&mid=2247486223&idx=1&sn=db36fb765b9db906aa0f94614b6d7b8b&chksm=fa3f12b1cd489ba7afd5a19b68e5ea2131296c3ce7475ab1d736aa4f65d65489f02d902af2f4#rd
legacy_1652156920,1652156920,2022-05-10,回顾 | 2022 SU 夏季学期高阶课Workshop,JIAdvisingCenter,https://mmbiz.qlogo.cn/sz_mmbiz_jpg/vibN6sMP6fMh1meUTqmoUql10eOsXhGLdITGosqLDvdhSbiaJ1J3yJbQlBult9LMvZJNiboWabhv5sbcUeCDA6nqQ/0?wx_fmt=jpeg,http://mp.weixin.qq.com/s?__biz=MzU1Mzk2MDE0Ng==&mid=2247484363&idx=1&sn=078f19bc982e4d2364b59183cbda6bc2&chksm=fbeb9476cc9c1d6088b799541e50d11c78b5909fb1dce5f6a563385e690a52b8e5dadb85eedd#rd
legacy_1652102252,1652102252,2022-05-09,青年大学习：学习习近平总书记考察中国政法大学时重要讲话精神,JI青团,https://mmbiz.qlogo.cn/mmbiz_jpg/QfDapvG9u4CZoGhJ8hzUUkwdVgr1GibjicCMp4SWO91lp5xa5Ty2IlThQibbic4m4LibjdZx8eJqXiczLhCo6U7xeUSw/0?wx_fmt=jpeg,http://mp.weixin.qq.com/s?__biz=MzUyMzMyNTY0OQ==&mid=2247486202&idx=1&sn=15f8515fdd5eb4e37e92ac0c472ab9ea&chksm=fa3f1344cd489a528a1327d07214775677408fe41a33b39ec489e87ec61011c8cc68254e96fe#rd
legacy_1652082724,1652082724,2022-05-09,JI Science｜浅谈卷积神经网络剪枝,密院科协,https://mmbiz.qlogo.cn/mmbiz_jpg/jcRlSfwIXWnZ7vX7YChza3GmCdIpXKj27x4O0woo44ib6icNmmn0mkDXTpUcAzlL1tuJibNF1mYJT1tQicVcaYRc9Q/0?wx_fmt=jpeg,http://mp.weixin.qq.com/s?__biz=MzIyMDA2ODgyNA==&mid=2247488220&idx=1&sn=9e8b911d5e8c63dcdddc83406e0f9e32&chksm=97d0fc6ba0a7757d9a7af76790df233439763819589492f842798e21e6f119870826e0f641f6#rd
legacy_1652004475,1652004475,2022-05-08,GDP × 保研workshop预告+预热系列之GDP项目专访,JIcareer,https://mmbiz.qlogo.cn/mmbiz_jpg/PB5L45ia5moQ2PH5YeuJPgYpFv3BTia9hadiaicr4Vg38fj1lwKob4zuicY5qENleTMCiakoRaibvgl6UkN5yE9HOtbMA/0?wx_fmt=jpeg,http://mp.weixin.qq.com/s?__biz=MzI5MTcwMDg2Mg==&mid=2247491670&idx=1&sn=c1323727d8529c2e627a9130165052c3&chksm=ec0e0947db7980518ce7fb1e26e3ac06f636d3cfe2e7997ef7abf032b47ea586f2b25dcca847#rd
legacy_1651989033,1651989033,2022-05-08,上海交通大学密西根学院学生会第十七届主席团候选团队公示,JIers,https://mmbiz.qlogo.cn/mmbiz_jpg/sZvUJ5A0zNGM1FaFYoiar2my7XBXG3m37zwL1hdu9Q5C6cGIAX6rKEr3aBYKfkZ8luyVibBicCnIkU5RgLtGQicibfw/0?wx_fmt=jpeg,http://mp.weixin.qq.com/s?__biz=MzA5MDMyMTc1MQ==&mid=2651185652&idx=1&sn=46e290b80311a189bf74761a80dd671f&chksm=8bfc27ccbc8baedaeece4553f1e6c995cf9fb7dcbc51762dd9bb449091fe0ace68ba4e189cff#rd
legacy_1651923024,1651923024,2022-05-07,学术招聘 | Multiple Ph.D. and Research Internship Openings,JIcareer,https://mmbiz.qlogo.cn/mmbiz_jpg/PB5L45ia5moRe9EsZQXWBFwwU14TXxQmxHicjHCM7NaVibYkEnGWM1vUzNYicadmjHYgOjCnmXEh8sOMW72CAajXOg/0?wx_fmt=jpeg,http://mp.weixin.qq.com/s?__biz=MzI5MTcwMDg2Mg==&mid=2247491638&idx=1&sn=ca7d0f32349e0b6970c2c9d2ce14d863&chksm=ec0e0927db798031c8174d64f850c457cf8aa8854795845d896a2366c36ba4cd2fb8fc2e4223#rd
legacy_1651902344,1651902344,2022-05-07,社体部 | 2022 密院杯英雄联盟圆满结束啦！,JIers,https://mmbiz.qlogo.cn/mmbiz_jpg/sZvUJ5A0zNHQic5bM8KKPpt8kibggrZHx97ib2QEqvSRTeXnRqIJxgX1MXKFog5ZqELyuibYObP5yvuia0rt9yQOspg/0?wx_fmt=jpeg,http://mp.weixin.qq.com/s?__biz=MzA5MDMyMTc1MQ==&mid=2651185649&idx=1&sn=a782a9ada7f18a729007a59c756a4344&chksm=8bfc27c9bc8baedf4138fcf0930f900eec2e1799dd803db91e844a49316af517d3cda8b80e21#rd
legacy_1651834916,1651834916,2022-05-06,2022 SU 夏季学期高阶课Workshop,JIAdvisingCenter,https://mmbiz.qlogo.cn/sz_mmbiz_jpg/vibN6sMP6fMiaOw0xZPvwT9sNvxmzSr6Pwv7HM5oGZM9hib0Dc5EuGzicIxfH6kKHxk5OQO0uNKY0D4aqQIkyNKzPw/0?wx_fmt=jpeg,http://mp.weixin.qq.com/s?__biz=MzU1Mzk2MDE0Ng==&mid=2247484343&idx=1&sn=5d6a9c8d05bd283af59317f9d51f450b&chksm=fbeb940acc9c1d1cd6924f088a6b38cfed82ac1b7ac2cdc407c2a956fe33e65338f8ce26443f#rd
legacy_1651834564,1651834564,2022-05-06,文艺部 | Echoism 线上歌会倒计时,JIers,https://mmbiz.qlogo.cn/mmbiz_jpg/sZvUJ5A0zNEs74dkleoJ9mK3B9Tc6Ol7K7wLib13XG66krDialaNsSVJC5Xa0avEia7l2U2PwicIon4HltS9RuxqxA/0?wx_fmt=jpeg,http://mp.weixin.qq.com/s?__biz=MzA5MDMyMTc1MQ==&mid=2651185638&idx=1&sn=a435c5bf80dbbc801c8a2d103d7f8e50&chksm=8bfc27debc8baec87ad109f1f309c90a8a757c817e118e23e3d458c9a0c21d29fe7ae8e79b30#rd
legacy_1651827827,1651827827,2022-05-06,优秀团员分享 | 百年共青团和我的故事,JI青团,https://mmbiz.qlogo.cn/mmbiz_png/QfDapvG9u4DMj1WoP0ODbssa94NEKOS2uYX0CsZmdmjujUSYLMG1Ib0IotFv8A9IWGdpvuOGP8qOU9uPJmicKkw/0?wx_fmt=png,http://mp.weixin.qq.com/s?__biz=MzUyMzMyNTY0OQ==&mid=2247486185&idx=1&sn=c64eeec3346165d5829cde1f61f4adca&chksm=fa3f1357cd489a41ec0c01b809e0a927a2c0f5dada0dc88b1047f82f6f2fc35fc7f33bde445b#rd
legacy_1651827003,1651827003,2022-05-06,优秀团员分享 | 百年共青团和我的故事,JI青团,https://mmbiz.qlogo.cn/mmbiz_png/QfDapvG9u4DMj1WoP0ODbssa94NEKOS2uYX0CsZmdmjujUSYLMG1Ib0IotFv8A9IWGdpvuOGP8qOU9uPJmicKkw/0?wx_fmt=png,http://mp.weixin.qq.com/s?__biz=MzUyMzMyNTY0OQ==&mid=2247486182&idx=1&sn=72e51b4720009f9afef0c7d51fb692ff&chksm=fa3f1358cd489a4e0a6f6e2aa1443c3a2be49eacb75df3bc656cafa6afc75bd79b1e2e236716#rd
legacy_1651826605,1651826605,2022-05-06,优秀团员分享 | 百年共青团和我的故事,JI青团,https://mmbiz.qlogo.cn/mmbiz_png/QfDapvG9u4DMj1WoP0ODbssa94NEKOS2uYX0CsZmdmjujUSYLMG1Ib0IotFv8A9IWGdpvuOGP8qOU9uPJmicKkw/0?wx_fmt=png,http://mp.weixin.qq.com/s?__biz=MzUyMzMyNTY0OQ==&mid=2247486173&idx=1&sn=6ecdbacb97830fad0b757ce3b426e3c3&chksm=fa3f1363cd489a7572205cb63ed1f80c34081f6fe7e49085756f9cd02555a09218933a6ad3b6#rd
legacy_1651820943,1651820943,2022-05-06,赛事相关 | E创 | 咱就是说，极客派对x创意工坊一整个爱住了,密院科协,https://mmbiz.qlogo.cn/mmbiz_jpg/jcRlSfwIXWmXibAdwXQ75yr5DCxiaVkfxD8ia9ZthibXT2uLQ2PaX7xHldBuDMpjHwMPdXqDTHgmO4cAxXkVZibmgFg/0?wx_fmt=jpeg,http://mp.weixin.qq.com/s?__biz=MzIyMDA2ODgyNA==&mid=2247488207&idx=1&sn=1953baf8cc4aad31e0d8a79a8105e3df&chksm=97d0fc78a0a7756ee8e506311d88f0361953267b91db390e44655440abf5d2b5502cd4850ef6#rd
legacy_1651730520,1651730520,2022-05-05,征集令 | 快来分享你的多彩生活！,JIers,https://mmbiz.qlogo.cn/mmbiz_png/sZvUJ5A0zNHf2YyHhyDiajsCMy69zMAENVRAMolhXibUanJPFc0Yfjb5O3AN4HOAEx00ddPQCFtMcMUrbGaYWhiaA/0?wx_fmt=png,http://mp.weixin.qq.com/s?__biz=MzA5MDMyMTc1MQ==&mid=2651185630&idx=1&sn=1eb671ff9e40f13e2c828a2f1e3fb680&chksm=8bfc27e6bc8baef0316828b8836c0d9bc7f160ed757a524c667b7415258c2e2b88fb648a60e2#rd
legacy_1651659154,1651659154,2022-05-04,百年风雨路，青春勇担当！,密院科协,https://mmbiz.qlogo.cn/mmbiz_jpg/jcRlSfwIXWnj8zwbJgnCyIS573w0WOreDvzkmrCOcHNZmDj9sFBVp5CyHyHJqjE8gNgCYYOAWIaDuMmxaZlB1Q/0?wx_fmt=jpeg,http://mp.weixin.qq.com/s?__biz=MzIyMDA2ODgyNA==&mid=2247488188&idx=1&sn=7bdb958cacbe58eef2a86d3951977b3c&chksm=97d0fc0ba0a7751d5fb928108bea1a2b6a11a19112a12c582c04fb46e0c554034dce037efe1a#rd
legacy_1651654866,1651654866,2022-05-04,事业部Piazza | 期待你的加入！,JIcareer,https://mmbiz.qlogo.cn/mmbiz_jpg/PB5L45ia5moTpusu5p5xibiaddAlkR3IVyyEQA6kRK9I6UaUS5Bh4W76qicBQ42ibUAGIMjcDWzU3hfeia0e3hKYN7YA/0?wx_fmt=jpeg,http://mp.weixin.qq.com/s?__biz=MzI5MTcwMDg2Mg==&mid=2247491595&idx=1&sn=f69986ee829561de050049d016718a05&chksm=ec0e091adb79800c6376087fb6e78975c64c4c4bb7dca96d6adb9b7e1e5347ed959259424738#rd
legacy_1651646933,1651646933,2022-05-04,庆祝中国共产主义青年团成立100周年！,JIers,https://mmbiz.qlogo.cn/mmbiz_jpg/sZvUJ5A0zNEYLIcBYQuf3VDK9ItGLYVZ41cLvWmERPxXt4C5c9nCl47XNs7r8rsBiaMefl6Bvbiak1AwAYCxqOfQ/0?wx_fmt=jpeg,http://mp.weixin.qq.com/s?__biz=MzA5MDMyMTc1MQ==&mid=2651185625&idx=1&sn=d8383126344a73d70f669fdf402cc980&chksm=8bfc27e1bc8baef7c57a15e9ce96a6dc6b19c1a6add98af6eb0d5c89ddefed115e1155e112e5#rd
legacy_1651644769,1651644769,2022-05-04,分享图片,JI觅源,https://mmbiz.qlogo.cn/mmbiz_jpg/5Y86fOG9o5RB0Yiby9sB6Scf0yAHqes6AIg6AVOtiap9BYVlVAGGsYND2L6MDXlrjYRWpgpCRv6mzt5agpytq0hw/0?wx_fmt=jpeg,http://mp.weixin.qq.com/s?__biz=MzAwNTYxNzk3Mw==&mid=2648011547&idx=1&sn=38b3042a6ebcce9a2af7631b30ff465d&chksm=83383341b44fba57d607ed01069410c82785bab42763195c425b29d602c19b8274e74d49d882#rd
legacy_1651634414,1651634414,2022-05-04,热烈庆祝中国共产主义青年团成立100周年！,JI青团,https://mmbiz.qlogo.cn/mmbiz_png/QfDapvG9u4A5DvvbhyMznNEWlczNCjjnRSWxVic29qM5Yp9icJoVhXae5OmhqUKepN3Dh42zeMdOiat4oygr5ZXKQ/0?wx_fmt=png,http://mp.weixin.qq.com/s?__biz=MzUyMzMyNTY0OQ==&mid=2247486150&idx=1&sn=b3073dee8e7be246e703dd7d56e47d2f&chksm=fa3f1378cd489a6ef3c9f4cbd1358175fe3cc881abb3b4855b78608d10fc786e927d4ef6fbba#rd
legacy_1651633116,1651633116,2022-05-04,回顾 | 2022 SU TA Workshop,JIAdvisingCenter,https://mmbiz.qlogo.cn/sz_mmbiz_jpg/vibN6sMP6fMgKSTr4zstBNBAFr1gMAYtMbuKiahRyEcIW4RT5qtReo10wiczrXDr4zyia255FEovgutgQDXiaaSqZ8Q/0?wx_fmt=jpeg,http://mp.weixin.qq.com/s?__biz=MzU1Mzk2MDE0Ng==&mid=2247484329&idx=1&sn=086b74915dd33d34ede2cef1f4adf534&chksm=fbeb9414cc9c1d024b5cb0455b4ba3d568223d3de7ce1d6f7974c75e8ad0c32aebea745f33f3#rd
legacy_1651499797,1651499797,2022-05-02,青年大学习：争做改革开放的“弄潮儿”,JI青团,https://mmbiz.qlogo.cn/mmbiz_jpg/QfDapvG9u4CxdYdsFEYgYoo7FYTIEibLFaM1Fg6xtvGy8n5mlm9B4yuTTcdJyIquWiaonicLPicqxvPJh2UUic9Bpgg/0?wx_fmt=jpeg,http://mp.weixin.qq.com/s?__biz=MzUyMzMyNTY0OQ==&mid=2247486142&idx=1&sn=ed082adade2cdf25de03ccae4b803cf1&chksm=fa3f1300cd489a161734868acb63db53aee2a3f4eeb346a1ffd75423b4c82b5fa9dff2af3d97#rd
legacy_1651487681,1651487681,2022-05-02,赛事相关 | 2022年度上海交通大学“数学建模培训营”国赛招生通知,密院科协,https://mmbiz.qlogo.cn/mmbiz_jpg/jcRlSfwIXWnKzHPNfCK5SXsZUJR24vicm38H5shbxicaB2l8CaeuAC0eOOkib0cVcuic9licP14Yq0eejJDITwlx1ug/0?wx_fmt=jpeg,http://mp.weixin.qq.com/s?__biz=MzIyMDA2ODgyNA==&mid=2247488176&idx=1&sn=e5ac653e3bb798e01e7808af0c448c91&chksm=97d0fc07a0a77511c146ac371336b4676e6f16c6004a5427da0629b64a131df9c82fd5dbddd7#rd
legacy_1651323746,1651323746,2022-04-30,觅源青志队部长团换届通知,JI觅源,https://mmbiz.qlogo.cn/mmbiz_jpg/5Y86fOG9o5RXNeQ7icPqEAeaG8jVkjicInqsxw39TslNB2B5aEsh7QJZQtgVZVicv9vaWXC8BC30jh4eaWZwJArmA/0?wx_fmt=jpeg,http://mp.weixin.qq.com/s?__biz=MzAwNTYxNzk3Mw==&mid=2648011540&idx=1&sn=f1bd1d93df35cc1f5bd1a3b24d254904&chksm=8338334eb44fba58f1b21c0608de25aaef4dcf110b9d74f410b867eeed2291e04851791f534f#rd
legacy_1651312543,1651312543,2022-04-30,聚焦 | 做好斗图准备了吗？密院“顶流”蓝虎表情包第二期上线，赶紧收藏起来吧！,JIers,https://mmbiz.qlogo.cn/mmbiz_jpg/LYfalg5ibn0BRYsia11m2Of7RjIs2YsoBUeLubmP6wWVicOVauov1lVVVmyYfY3jNZ4LeJwQCcV6HPo8pv6je01yg/0?wx_fmt=jpeg,http://mp.weixin.qq.com/s?__biz=MzA5MDMyMTc1MQ==&mid=2651185612&idx=1&sn=e423fafa1c7d1f3f71996e26df150d7e&chksm=8bfc27f4bc8baee2bae234df36b435792d4f9901f0ba3b6f4228f11dcf069dd2e8f7392723bf#rd
legacy_1651295846,1651295846,2022-04-30,TA Workshop 2022 SU - 夏季学期助教分享会,JIAdvisingCenter,https://mmbiz.qlogo.cn/sz_mmbiz_jpg/vibN6sMP6fMgpVObYRaNXH7VxUvulxiaPG8xKdZ3sgD9WH5dQoXicaC8WmAKqaKNRyWUlxWFiamnhksxN7zEprUoAw/0?wx_fmt=jpeg,http://mp.weixin.qq.com/s?__biz=MzU1Mzk2MDE0Ng==&mid=2247484216&idx=1&sn=b338159a1ee1a6f4c224fcec3d3b21e3&chksm=fbeb9485cc9c1d93aee62ad2eb0f654416f7f87e422aecd496dcf4941c4ac331972a55918444#rd
legacy_1651045196,1651045196,2022-04-27,文艺部 | Echoism歌手大赛 复赛反馈&资格赛开启,JIers,https://mmbiz.qlogo.cn/mmbiz_png/sZvUJ5A0zNHxOO6BOrWicO1G7zIzzDOHJuC1PqcrQVSacE8fLJibF15PUYafOyyzfhMKEEWJ72RBUupVxic4JNERQ/0?wx_fmt=png,http://mp.weixin.qq.com/s?__biz=MzA5MDMyMTc1MQ==&mid=2651185610&idx=1&sn=8bfeeda3b2e55aee59b0b8176bed0844&chksm=8bfc27f2bc8baee4bdd644584a154ce39fb8ff15794982a30c4a03600fccea0635f3c5dabcea#rd
legacy_1651038505,1651038505,2022-04-27,【招聘】富士康工业互联网2022校园招聘,JIcareer,https://mmbiz.qlogo.cn/mmbiz_jpg/PB5L45ia5moSqoWKbGvU1nRtxjic9iahkKnaMic8QLcECVhJTXfukFTMV5jXkcFdAoic1iahSNAW05IhyI24GrUGgyrQ/0?wx_fmt=jpeg,http://mp.weixin.qq.com/s?__biz=MzI5MTcwMDg2Mg==&mid=2247491525&idx=1&sn=6ab5a1f574fa632a2ad450880c0b2f53&chksm=ec0df6d4db7a7fc2017063b6244913b002d4edfac1424d5ffd2ddbd9f256c6fe898466c3b83f#rd
legacy_1651029491,1651029491,2022-04-27,转载 | 习近平和大学生在一起,JI青团,https://mmbiz.qlogo.cn/mmbiz_jpg/QfDapvG9u4ADn5uRSRJWDttKM1vc4jusj1ee4ep46UBsZnRmNhtETHPichITbbicnLBicrQe2ibruY7fXVK5icOqibnQ/0?wx_fmt=jpeg,http://mp.weixin.qq.com/s?__biz=MzUyMzMyNTY0OQ==&mid=2247486120&idx=1&sn=9335d6fd264eec3bcb9abc9ebeb1a3fb&chksm=fa3f1316cd489a0038088066af34d7ac458e9067f496a8608779d580a1c440ca1aaabaa0453d#rd
legacy_1650938536,1650938536,2022-04-26,青年大学习：把青春献给祖国,JI青团,https://mmbiz.qlogo.cn/mmbiz_jpg/QfDapvG9u4DH1nJzyLCU6tCyknARibqPdbic64TJFXBqt9VK3FLtoeOARMPvzgpImfK2Lrhj2kEAPXAuNr0lD0Xw/0?wx_fmt=jpeg,http://mp.weixin.qq.com/s?__biz=MzUyMzMyNTY0OQ==&mid=2247486111&idx=1&sn=44f46fd0ab6c815ffd8e1ecf8adf8aa3&chksm=fa3f1321cd489a3758eb36090c675094a9a20c06888e5132e3315c871ebf5caf5db5c5b3cb8b#rd
legacy_1650877867,1650877867,2022-04-25,快来查收你的春假Bingo召集令！,JIers,https://mmbiz.qlogo.cn/mmbiz_jpg/sZvUJ5A0zNHZy4vBcYSKXbo5B49nwqNZbvKjRsC651mfAYib5M7aClTQ3QBmclSyQIAYDrRMqx6wCNEB3klJHXg/0?wx_fmt=jpeg,http://mp.weixin.qq.com/s?__biz=MzA5MDMyMTc1MQ==&mid=2651185604&idx=1&sn=2037bed613387e5dcb2ebb7c8e21cde4&chksm=8bfc27fcbc8baeea3638463edc150c2884c774617f7dca9c763ee757dc507c104f5facad1c64#rd
legacy_1650852390,1650852390,2022-04-25,转载 | 新时代加强和改进共青团思想政治引领工作实施纲要,JI青团,https://mmbiz.qlogo.cn/mmbiz_jpg/QfDapvG9u4DH1nJzyLCU6tCyknARibqPd2wNV8Y9RAicrYbusADAyJfTJicUpVSrEkiat6HACia4EQ35Ij20Ba7atqA/0?wx_fmt=jpeg,http://mp.weixin.qq.com/s?__biz=MzUyMzMyNTY0OQ==&mid=2247486093&idx=1&sn=d20cb7fbe6a7d64e0fd3c14c37a7a0ac&chksm=fa3f1333cd489a25f1417672d98276aff3759c79a46685db68840edbb3d6237c898977f483a7#rd
legacy_1650701590,1650701590,2022-04-23,JI Science ｜Introduction to BCI,密院科协,https://mmbiz.qlogo.cn/mmbiz_jpg/jcRlSfwIXWnGvm6FRmx8mdEgbdBIRK6TRtbaGib0s3NlhFnClKicibKCVszj8oIDRqwBk1fibTqHjgWXPCX070qaSw/0?wx_fmt=jpeg,http://mp.weixin.qq.com/s?__biz=MzIyMDA2ODgyNA==&mid=2247488169&idx=1&sn=1133f5b38631f2102db5049688e9d37c&chksm=97d0fc1ea0a77508fde997f84c701122f97a363debb796eaaaf38406a22bd93a328df78491ba#rd
legacy_1650355221,1650355221,2022-04-19,【助研】智能网络系统实验室招募本科生,JIcareer,https://mmbiz.qlogo.cn/mmbiz_jpg/PB5L45ia5moSjAHnZHGAXVic3fllLoeYjFgeXVJQEgwvZHoxjnnFVox3mwKOIPH3nEmib59e1eVghHPgaV4m9ykfw/0?wx_fmt=jpeg,http://mp.weixin.qq.com/s?__biz=MzI5MTcwMDg2Mg==&mid=2247491493&idx=1&sn=fa6be1b3409fb02954ed4fd2448a7d0d&chksm=ec0df6b4db7a7fa294c5b5d30f9de29322501a955d492471ba4cf1e5fe225d6ffaf50a7e8aa4#rd
legacy_1650113970,1650113970,2022-04-16,志愿者群像 | 于无声处，为你而来,JI觅源,https://mmbiz.qlogo.cn/mmbiz_jpg/5Y86fOG9o5RewOo8oKPlf1iadPEwVvCy59NDCZf6viaCvFcAKhv5lS0r7Mlcq2MZ2ZJcvhLzLuVeWwkChFXWXW3Q/0?wx_fmt=jpeg,http://mp.weixin.qq.com/s?__biz=MzAwNTYxNzk3Mw==&mid=2648011527&idx=1&sn=4698f986116daeb987fdb9193a414232&chksm=8338335db44fba4b28e031de2c4cfbaea05702ba68ca9f4825ff004312add9420fee46e3ea5b#rd
legacy_1649752200,1649752200,2022-04-12,【助研】无人驾驶异构计算平台功能及性能测试与评价,JIcareer,https://mmbiz.qlogo.cn/mmbiz_jpg/PB5L45ia5moTx3G9T7bfzqGJWEvqmPMCzOyfQ2ugNpxcn0qZWJ3LFpuQLHjbsT4HdickuAeffQIDkRr123fKcokg/0?wx_fmt=jpeg,http://mp.weixin.qq.com/s?__biz=MzI5MTcwMDg2Mg==&mid=2247491476&idx=1&sn=004584d101a482e57b2296b740627502&chksm=ec0df685db7a7f93ebcf95ec2fe3bdabaf732844d01fe6ac5dc638413ec469c20df8399d7c42#rd
legacy_1649474737,1649474737,2022-04-09,志愿者信息统计,JI觅源,https://mmbiz.qlogo.cn/mmbiz_jpg/5Y86fOG9o5Q9VDRWrIJ3fLgs20FtvgSiclgIJBhCAdCs40ASDgdedJ5QrIosgqia5hGs7mhZ2TS5e0wsCX1icH1jw/0?wx_fmt=jpeg,http://mp.weixin.qq.com/s?__biz=MzAwNTYxNzk3Mw==&mid=2648011513&idx=1&sn=f64583d42afff868d8136f6374217978&chksm=833832a3b44fbbb599a1facc1bd604db7d220af50616cfdd4b0046653f531fd7c1667f2f0a55#rd
legacy_1648656738,1648656738,2022-03-31,Recruitment | 防控一线人员子女线上托管班志愿者招募,JI觅源,https://mmbiz.qlogo.cn/mmbiz_jpg/5Y86fOG9o5RVXPTRCMwuTw7smtBOhOGrg84t1NHOAiceJKFBG3QVFjGwYHDWpQ6o4I8TGMYiaCWqeJiaPKJINwibnw/0?wx_fmt=jpeg,http://mp.weixin.qq.com/s?__biz=MzAwNTYxNzk3Mw==&mid=2648011506&idx=1&sn=1f47af1310d45a29db75f1d64483c4a9&chksm=833832a8b44fbbbee6309edef0a2b03a5a116c12992e1a29cf93e5da2e5e7c9e2d69a8325100#rd
legacy_1648381501,1648381501,2022-03-27,【招聘】“虎”力全开，“职”等你来！亚马逊全球物流团队招聘,JIcareer,https://mmbiz.qlogo.cn/mmbiz_jpg/PB5L45ia5moSTadYlqLkN2m05ARW5j007eqAeA4H4BNxn5knu2w6aKiby7aM8IwzU4iaYvGN6ryMDcTricCbaiaXTCg/0?wx_fmt=jpeg,http://mp.weixin.qq.com/s?__biz=MzI5MTcwMDg2Mg==&mid=2247491470&idx=1&sn=9ae07a89758e30d73f6fe2868ff32be4&chksm=ec0df69fdb7a7f89f3b898050fb3d9546846c42f58021e95e2ff02d40500b14c960e4b83bd7a#rd
legacy_1631875901,1631875901,2021-09-17,2021秋季招新|密院气象,密院气象,https://mmbiz.qlogo.cn/mmbiz_jpg/ic56fiaeKmYMAt8UlgIribsQqScjaR2tf2RLYdx8oEHliaNtJZBjGb94TjhRHk07CIAIXkQmNTOs4UticUgpdFuPtfg/0?wx_fmt=jpeg,http://mp.weixin.qq.com/s?__biz=Mzg5MzYyODUzMw==&mid=2247483720&idx=1&sn=d2f3c9654e5451ff970152521d67e6b8&chksm=c02ab852f75d31442332d854724141fcf3f2cc06b518cf270da25d33a10b7dcfd717958f0a9e#rd
legacy_1626011329,1626011329,2021-07-11,江淮夏日的常客——梅雨,密院气象,https://mmbiz.qlogo.cn/mmbiz_png/ic56fiaeKmYMAZ87kvrj0cmtt5zeKUE30UA0Y7WL0G3sAM2nP9oPFMokia2v5Bvzt8xT03rAqR1aqlsic41SxMkzaw/0?wx_fmt=png,http://mp.weixin.qq.com/s?__biz=Mzg5MzYyODUzMw==&mid=2247483704&idx=1&sn=db96dc751a4519494978c1b04f8d1e09&chksm=c02ab822f75d313462bc637f217fd65be693b994128e15897bb455582bdb32d5cafbdd4a8e12#rd
legacy_1623555180,1623555180,2021-06-13,密院气象台成立仪式回顾,密院气象,https://mmbiz.qlogo.cn/mmbiz_png/ic56fiaeKmYMAzekkOdCGEVu9Zq0GsegUzfnGlfRhtpJCicvaviczqfB1ZrwFKrbasIticDcM7fmnBnJNoqoYQtdZJQ/0?wx_fmt=png,http://mp.weixin.qq.com/s?__biz=Mzg5MzYyODUzMw==&mid=2247483691&idx=1&sn=22f0ce5f5d858ba4b3dcd89e50de6dcc&chksm=c02ab831f75d3127e3b7672aecb40b0bf948924dcf07a9868712164861d52b1b0a2df8b85f24#rd
legacy_1622215014,1622215014,2021-05-28,想知道什么时候会下雨吗？密院气象台即将招新！,密院气象,https://mmbiz.qlogo.cn/mmbiz_jpg/ic56fiaeKmYMDPcmEwcmPspF7ByQd1iceepNHuZIKVWXMvgkA2Dj1Tf3fFfjPzeamricDZIZDibpe8ZEdM5k2SwP8Iw/0?wx_fmt=jpeg,http://mp.weixin.qq.com/s?__biz=Mzg5MzYyODUzMw==&mid=2247483675&idx=1&sn=7c901f08eb0ab2e23a8a7758d3360518&chksm=c02ab801f75d311791a1afa451ce3a04a026a4eda64a836fa35795f297e2ac372fcddf94d109#rd
